coef_log_hazard,se,hazard_ratio,ci_lower_95,ci_upper_95,p_value,n,n_treated,n_control,events,treated_events,control_events,treated_event_rate,control_event_rate,median_followup_days,ties,robust_cluster_pid,age_mean,frailty_mean,prior_outcome_count_mean,util_last30_mean,cox_covariates,Malattia_A_(Exposure),Malattia_B_(Outcome),cohort_csv,error,q_value,Significativo_FDR
0.5710053155196756,0.04833990859686466,1.7700456116007486,1.610040114733994,1.9459524259522585,3.372241913267565e-32,33712.0,8428.0,25284.0,1843.0,678.0,1165.0,0.08044613194114855,0.0460765701629489,365.0,breslow,True,55.9765662078785,0.04594803037494068,0.0568046986236355,4.436936402467964,T;age_at_t0;sex_num;frailty;util_last30,NEOP,BLD,cox_results_patched\cox_cohort_DX_NEOP_TO_BLD_d14_h365.csv,,5.4196745034657295e-31,Si
0.49492097669886,0.04718611741195132,1.6403686065927394,1.4954634915273122,1.7993145140219307,9.735983170081925e-26,31736.0,7934.0,23802.0,2080.0,713.0,1367.0,0.08986639778169901,0.05743214855894463,365.0,breslow,True,55.707556087723724,0.0671477186791026,0.11595664229896648,2.570204184522309,T;age_at_t0;sex_num;frailty;util_last30,BLD,NEOP,cox_results_patched\cox_cohort_DX_BLD_TO_NEOP_d14_h365.csv,,8.425370051032435e-25,Si
0.4456349150656608,0.12010134693915718,1.5614812891645669,1.233969581758751,1.9759188982080809,0.00020685800377092593,5828.0,1457.0,4371.0,328.0,107.0,221.0,0.07343857240905971,0.050560512468542665,365.0,breslow,True,55.084591626630065,0.02848318462594372,0.05748112560054908,2.648936170212766,T;age_at_t0;sex_num;frailty;util_last30,CONG,BLD,cox_results_patched\cox_cohort_DX_CONG_TO_BLD_d14_h365.csv,,0.00035529046449204836,Si
0.36764539772849775,0.02555810038063046,1.4443297855333814,1.3737600205080436,1.5185247046332206,6.45650512819596e-47,40192.0,10048.0,30144.0,7025.0,2246.0,4779.0,0.22352707006369427,0.1585390127388535,365.0,breslow,True,56.00952925955414,0.035305533439490444,0.2626890923566879,2.2826930732484074,T;age_at_t0;sex_num;frailty;util_last30,MENT,NERV,cox_results_patched\cox_cohort_DX_MENT_TO_NERV_d14_h365.csv,,2.075305219777273e-45,Si
0.3648457016739388,0.11376807115126639,1.4402917563960695,1.1524156243326946,1.8000800229896905,0.001341618449912817,5844.0,1461.0,4383.0,373.0,114.0,259.0,0.07802874743326489,0.059091946155601184,365.0,breslow,True,55.43001368925393,0.01676933607118412,0.1014715947980835,2.6437371663244353,T;age_at_t0;sex_num;frailty;util_last30,CONG,NEOP,cox_results_patched\cox_cohort_DX_CONG_TO_NEOP_d14_h365.csv,,0.002053497627417577,Si
0.35619827537947635,0.09851063089937116,1.4278906357559327,1.1771749276016166,1.732003986725653,0.0002993799958723896,5876.0,1469.0,4407.0,491.0,154.0,337.0,0.10483321987746766,0.0764692534604039,365.0,breslow,True,55.716814159292035,0.0371000680735194,0.09223961878829136,2.6415929203539825,T;age_at_t0;sex_num;frailty;util_last30,CONG,SKIN,cox_results_patched\cox_cohort_DX_CONG_TO_SKIN_d14_h365.csv,,0.000498966659787316,Si
0.35502372610310234,0.13546190025354599,1.4262144923921478,1.0936474579969784,1.8599117690401212,0.008771387430658683,32536.0,8134.0,24402.0,271.0,85.0,186.0,0.010449963117777232,0.007622326038849275,365.0,breslow,True,56.111353577575606,0.08031104007868207,0.007806737152692402,2.6786943693139906,T;age_at_t0;sex_num;frailty;util_last30,BLD,CONG,cox_results_patched\cox_cohort_DX_BLD_TO_CONG_d14_h365.csv,,0.012107743385878549,Si
0.3476894894991589,0.052475603769063156,1.4157925630220538,1.2774134689337426,1.5691619277990598,3.4552255168174545e-11,4984.0,1246.0,3738.0,1867.0,527.0,1340.0,0.4229534510433387,0.3584804708400214,365.0,breslow,True,53.23274478330658,0.020064205457463884,0.6687399678972713,1.9584670947030498,T;age_at_t0;sex_num;frailty;util_last30,CONG,DIGE,cox_results_patched\cox_cohort_DX_CONG_TO_DIGE_d14_h365.csv,,1.0649667688820921e-10,Si
0.3426750003435779,0.06961707893029132,1.4087108569764901,1.2290303505989573,1.614660107943083,8.554016495521634e-07,5636.0,1409.0,4227.0,975.0,288.0,687.0,0.2044002838892832,0.16252661462029808,365.0,breslow,True,55.46469127040454,0.06245564229950319,0.24059616749467708,2.4457061745919093,T;age_at_t0;sex_num;frailty;util_last30,CONG,NERV,cox_results_patched\cox_cohort_DX_CONG_TO_NERV_d14_h365.csv,,1.798741786441465e-06,Si
0.33530552436864347,0.02368075945435578,1.398367555328179,1.3349465262921465,1.4648016091144693,1.6336557785123482e-45,31464.0,7866.0,23598.0,8468.0,2584.0,5884.0,0.3285024154589372,0.24934316467497245,365.0,breslow,True,55.5593058733791,0.048944825832697686,0.3834541062801932,2.2850559369438086,T;age_at_t0;sex_num;frailty;util_last30,NEOP,GEN,cox_results_patched\cox_cohort_DX_NEOP_TO_GEN_d14_h365.csv,,4.0841394462808706e-44,Si
0.3282055632140773,0.04483647080669714,1.3884743622081324,1.2716637473870516,1.5160147943751234,2.4786395097489867e-13,33876.0,8469.0,25407.0,2353.0,743.0,1610.0,0.08773172747667965,0.06336836304955328,365.0,breslow,True,56.29283268390601,0.05109812256464754,0.06532648482701618,4.435795253276656,T;age_at_t0;sex_num;frailty;util_last30,NEOP,INFE,cox_results_patched\cox_cohort_DX_NEOP_TO_INFE_d14_h365.csv,,8.713967026461281e-13,Si
0.32697786757435443,0.1246592758074975,1.386770784239379,1.0861569008442933,1.770585084461563,0.008716627661964911,41992.0,10498.0,31494.0,292.0,93.0,199.0,0.008858830253381597,0.006318663872483647,365.0,breslow,True,56.31405982091827,0.03745951609830444,0.0076204991426938465,2.4238426366927035,T;age_at_t0;sex_num;frailty;util_last30,MENT,CONG,cox_results_patched\cox_cohort_DX_MENT_TO_CONG_d14_h365.csv,,0.012106427308284599,Si
0.32352384272119883,0.03410422656775096,1.3819891062561818,1.29263084801083,1.4775246101776136,2.3931860716319033e-21,62672.0,15668.0,47004.0,4237.0,1332.0,2905.0,0.08501404135818229,0.06180325078716705,365.0,breslow,True,54.75126053101864,0.0398902221087567,0.059037528720959916,3.0587024508552463,T;age_at_t0;sex_num;frailty;util_last30,SKIN,INFE,cox_results_patched\cox_cohort_DX_SKIN_TO_INFE_d14_h365.csv,,1.5837260768152304e-20,Si
0.3214091510245008,0.03661267087642457,1.3790697132642555,1.2835739250259417,1.4816702310342729,1.6547552432878523e-18,62372.0,15593.0,46779.0,3724.0,1056.0,2668.0,0.06772269608157507,0.057034139250518395,365.0,breslow,True,54.56858846918489,0.04275957160264221,0.10466234848970692,3.033572757006349,T;age_at_t0;sex_num,SKIN,NEOP,cox_results_patched\cox_cohort_DX_SKIN_TO_NEOP_d14_h365.csv,,8.093911516081886e-18,Si
0.31678961104005937,0.020906050800724624,1.3727137377271843,1.3176024396563804,1.4301301735873817,7.237379664836367e-52,27876.0,6969.0,20907.0,11929.0,3454.0,8475.0,0.49562347539101737,0.40536662361888365,365.0,breslow,True,54.89715167168891,0.0686612139474817,0.7979624049361458,2.0929832113646145,T;age_at_t0;sex_num;frailty;util_last30,BLD,SUPP,cox_results_patched\cox_cohort_DX_BLD_TO_SUPP_d14_h365.csv,,2.7140173743136376e-50,Si
0.3163867930615048,0.02746663888475672,1.372160895309127,1.3002443142484634,1.4480551862315287,1.0589561011575267e-30,111460.0,27865.0,83595.0,6241.0,1873.0,4368.0,0.06721693881212991,0.05225192894311861,365.0,breslow,True,54.2447066212094,0.034191638255876546,0.09567557868293558,2.3594114480531134,T;age_at_t0;sex_num,GEN,NEOP,cox_results_patched\cox_cohort_DX_GEN_TO_NEOP_d14_h365.csv,,1.4015595456496676e-29,Si
0.31532694353581564,0.029848660931461896,1.370707381624018,1.2928170124878864,1.4532905336873234,4.367196965519739e-26,111876.0,27969.0,83907.0,5126.0,1602.0,3524.0,0.05727770031105867,0.04199887971206216,365.0,breslow,True,54.29580070792663,0.03915942650791948,0.04556830776931603,2.4158175122457006,T;age_at_t0;sex_num;frailty;util_last30,GEN,BLD,cox_results_patched\cox_cohort_DX_GEN_TO_BLD_d14_h365.csv,,4.120145965338752e-25,Si
0.3145997213686167,0.024178003416989946,1.3697109351942383,1.3063158339684933,1.4361825809698667,1.0482168255273848e-38,30404.0,7601.0,22803.0,8178.0,2522.0,5656.0,0.3317984475726878,0.2480375389203175,365.0,breslow,True,55.22490461781344,0.05916984607288515,0.3745559794763847,2.440073674516511,T;age_at_t0;sex_num;frailty;util_last30,BLD,GEN,cox_results_patched\cox_cohort_DX_BLD_TO_GEN_d14_h365.csv,,2.1440798703969234e-37,Si
0.30529246493124934,0.039417266397508116,1.357021826270075,1.2561288153663355,1.4660186236045507,9.547242891460808e-15,33692.0,8423.0,25269.0,2976.0,914.0,2062.0,0.10851240650599549,0.08160196287941747,365.0,breslow,True,56.23150896355218,0.047132850528315326,0.10732518105188175,4.4070996082156,T;age_at_t0;sex_num;frailty;util_last30,NEOP,INJ,cox_results_patched\cox_cohort_DX_NEOP_TO_INJ_d14_h365.csv,,3.905690273779421e-14,Si
0.2956701251749883,0.13448308503438855,1.344026723117165,1.0326034954025312,1.7493721844790846,0.02790869789564681,34152.0,8538.0,25614.0,261.0,80.0,181.0,0.009369875849144999,0.007066448036230187,365.0,breslow,True,56.28340946357461,0.057712579058327475,0.009838369641602248,4.4370168657765285,T;age_at_t0;sex_num;frailty;util_last30,NEOP,CONG,cox_results_patched\cox_cohort_DX_NEOP_TO_CONG_d14_h365.csv,,0.037156550452784216,Si
0.2932318500223755,0.04641494780854538,1.3407536081527915,1.2241644777604956,1.4684466592784349,2.6562781866243054e-10,32340.0,8085.0,24255.0,2250.0,707.0,1543.0,0.08744588744588745,0.06361574933003504,365.0,breslow,True,55.89854669140384,0.0808286951144094,0.06617192331478046,3.9710265924551638,T;age_at_t0;sex_num;frailty;util_last30,BLD,INFE,cox_results_patched\cox_cohort_DX_BLD_TO_INFE_d14_h365.csv,,7.565349265702136e-10,Si
0.2917591801015577,0.018305456049175037,1.3387805738135852,1.2915983549459138,1.3876863639205292,3.431746946522811e-57,53037.0,13260.0,39777.0,16014.0,5118.0,10896.0,0.38597285067873305,0.2739271438268346,365.0,breslow,True,49.37583196636311,0.032976978335878725,1.1583799988687142,1.735731659030488,T;age_at_t0;sex_num;frailty;util_last30,ENDO,CIRC,cox_results_patched\cox_cohort_DX_ENDO_TO_CIRC_d14_h365.csv,,2.354189136327126e-55,Si
0.29122099394941087,0.11280526354050975,1.338060254498322,1.0726397618509276,1.669158004714112,0.009833610617956713,5920.0,1480.0,4440.0,389.0,119.0,270.0,0.0804054054054054,0.060810810810810814,365.0,breslow,True,55.977871621621624,0.07922297297297297,0.05067567567567568,2.6695945945945945,T;age_at_t0;sex_num;frailty;util_last30,CONG,INFE,cox_results_patched\cox_cohort_DX_CONG_TO_INFE_d14_h365.csv,,0.013491234079513784,Si
0.28686126152008024,0.03142016624254702,1.3322393677885913,1.252670579203646,1.4168623120486068,6.859715817454729e-20,56176.0,14044.0,42132.0,4997.0,1480.0,3517.0,0.10538308174309313,0.08347574290325643,365.0,breslow,True,54.939636143548846,0.052691540871546566,0.09215679293648533,2.423205639418969,T;age_at_t0;sex_num;frailty;util_last30,INFE,SKIN,cox_results_patched\cox_cohort_DX_INFE_TO_SKIN_d14_h365.csv,,3.957528356223882e-19,Si
0.2842449603174265,0.0901720465943798,1.3287583839651254,1.1134994892122314,1.5856305818395318,0.0016201671470439096,86610.0,21653.0,64957.0,610.0,185.0,425.0,0.008543850736618482,0.00654278984559016,365.0,breslow,True,54.812527421775776,0.0459531231959358,0.005923103567717354,2.2896085902320746,T;age_at_t0;sex_num;frailty;util_last30,NERV,CONG,cox_results_patched\cox_cohort_DX_NERV_TO_CONG_d14_h365.csv,,0.0024465611280864406,Si
0.28022184985913035,0.039323540365542316,1.3234233810628013,1.225253437976863,1.429458911321798,1.0328381894322822e-12,33552.0,8388.0,25164.0,3057.0,923.0,2134.0,0.11003814973772055,0.08480368780797966,365.0,breslow,True,56.36894969003338,0.050995469718645686,0.1000834525512637,4.461224368144969,T;age_at_t0;sex_num;frailty;util_last30,NEOP,SKIN,cox_results_patched\cox_cohort_DX_NEOP_TO_SKIN_d14_h365.csv,,3.417479303268581e-12,Si
0.26744608815373755,0.047148458913172674,1.3066231854689143,1.1912880404334323,1.4331245600214118,1.4079031988648088e-08,41676.0,10419.0,31257.0,2113.0,666.0,1447.0,0.06392168154333429,0.04629363022682919,365.0,breslow,True,56.35735195316249,0.046165658892408104,0.05636337460408868,2.4216335540838854,T;age_at_t0;sex_num;frailty;util_last30,MENT,BLD,cox_results_patched\cox_cohort_DX_MENT_TO_BLD_d14_h365.csv,,3.4810793378525495e-08,Si
0.2622877778948769,0.025398908950302633,1.299900571258132,1.2367734307309506,1.3662498345865635,5.334605309490947e-25,111996.0,27999.0,83997.0,7277.0,2241.0,5036.0,0.08003857280617165,0.05995452218531614,365.0,breslow,True,54.4878656380585,0.0339387120968606,0.05361798635665559,2.4142915818422086,T;age_at_t0;sex_num;frailty;util_last30,GEN,INFE,cox_results_patched\cox_cohort_DX_GEN_TO_INFE_d14_h365.csv,,4.286736409412368e-24,Si
0.26228358228598064,0.029708471245233393,1.299895117395172,1.2263655755208198,1.377833290460885,1.0601404937918903e-18,62472.0,15618.0,46854.0,5532.0,1598.0,3934.0,0.10231783839159944,0.08396294873436633,365.0,breslow,True,54.759204123447304,0.05181521321552055,0.11145793315405302,3.0394096555256755,T;age_at_t0;sex_num;frailty;util_last30,SKIN,INJ,cox_results_patched\cox_cohort_DX_SKIN_TO_INJ_d14_h365.csv,,5.300702468959452e-18,Si
0.25716680233854905,0.02209669541556185,1.293260827699557,1.2384458903451814,1.3505019327053323,2.633727300110278e-31,61104.0,15276.0,45828.0,10308.0,2752.0,7556.0,0.18015187221785808,0.1648773675482238,365.0,breslow,True,54.38079340141398,0.050176747839748626,0.25135833987954964,2.9677598847865934,T;age_at_t0;sex_num;frailty;util_last30,SKIN,NERV,cox_results_patched\cox_cohort_DX_SKIN_TO_NERV_d14_h365.csv,,3.703679015780078e-30,Si
0.2551232495544077,0.01978376613715586,1.2906206794943935,1.241533200586639,1.3416489688326547,4.766287546484536e-38,29832.0,7458.0,22374.0,12658.0,3574.0,9084.0,0.4792169482434969,0.4060069723786538,365.0,breslow,True,55.28814695628855,0.07900911772593189,0.7593188522392063,1.999195494770716,T;age_at_t0;sex_num;frailty;util_last30,NEOP,SUPP,cox_results_patched\cox_cohort_DX_NEOP_TO_SUPP_d14_h365.csv,,8.249343830454005e-37,Si
0.2507600360000372,0.019393932771887556,1.285001693185033,1.2370727802403136,1.3347875548337862,3.0553819942284567e-38,36348.0,9087.0,27261.0,13163.0,3804.0,9359.0,0.4186200066028392,0.34331095704486264,365.0,breslow,True,54.76122482667547,0.031170903488500056,0.6173654671508749,1.9047540442390227,T;age_at_t0;sex_num;frailty;util_last30,MENT,DIGE,cox_results_patched\cox_cohort_DX_MENT_TO_DIGE_d14_h365.csv,,5.728841239178357e-37,Si
0.24821195740917337,0.03924903897913515,1.2817315759086405,1.1868275715541134,1.3842245260025472,2.548342114263361e-10,31080.0,7770.0,23310.0,3055.0,915.0,2140.0,0.11776061776061776,0.09180609180609181,365.0,breslow,True,55.62039897039897,0.05228442728442728,0.19398326898326898,2.4920527670527672,T;age_at_t0;sex_num;frailty;util_last30,BLD,MENT,cox_results_patched\cox_cohort_DX_BLD_TO_MENT_d14_h365.csv,,7.350986868067388e-10,Si
0.2431145106398788,0.03818257357896269,1.2752146414026035,1.1832639347687222,1.3743107804307568,1.9256174199140773e-10,66161.0,16541.0,49620.0,3116.0,972.0,2144.0,0.05876307357475364,0.04320838371624345,365.0,breslow,True,54.20072248001088,0.058191381629660976,0.04720303502063149,2.4115264279560464,T;age_at_t0;sex_num;frailty;util_last30,ENDO,BLD,cox_results_patched\cox_cohort_DX_ENDO_TO_BLD_d14_h365.csv,,5.626804149099577e-10,Si
0.24206744510321146,0.04187524162269509,1.273880106894209,1.1735014495242755,1.3828449273741028,7.439851263418123e-09,32112.0,8028.0,24084.0,2782.0,822.0,1960.0,0.10239162929745889,0.08138183026075403,365.0,breslow,True,56.02696811160937,0.07551694070752367,0.09479322371699053,4.660002491280518,T;age_at_t0;sex_num;frailty;util_last30,BLD,SKIN,cox_results_patched\cox_cohort_DX_BLD_TO_SKIN_d14_h365.csv,,1.8808612744596378e-08,Si
0.23798584002544257,0.021582373073104056,1.2686912280622102,1.2161430164035267,1.3235099905617742,2.8358945363472422e-28,130572.0,32643.0,97929.0,10687.0,2957.0,7730.0,0.09058603682259596,0.07893473843294632,365.0,breslow,True,52.7084750176148,0.02729528535980149,0.1657016818307141,1.9406457739791072,T;age_at_t0;sex_num;frailty;util_last30,DIGE,MENT,cox_results_patched\cox_cohort_DX_DIGE_TO_MENT_d14_h365.csv,,3.1903813533906474e-27,Si
0.23742412298712903,0.028274398826801987,1.2679787826981317,1.199621753016526,1.3402309430700086,4.5747930159037145e-17,64345.0,16087.0,48258.0,5824.0,1790.0,4034.0,0.11126996954062286,0.08359235774379377,365.0,breslow,True,53.97225891677675,0.04409044991840858,0.17535162017250758,2.3201958194109875,T;age_at_t0;sex_num;frailty;util_last30,ENDO,MENT,cox_results_patched\cox_cohort_DX_ENDO_TO_MENT_d14_h365.csv,,2.1006702624047667e-16,Si
0.23726152412394796,0.025511548009351775,1.2677726275502776,1.2059394503351335,1.3327762307793127,1.402321281225464e-20,85942.0,21486.0,64456.0,7284.0,2114.0,5170.0,0.0983896490738155,0.08020975549211866,365.0,breslow,True,54.83715761792837,0.05201182192641549,0.09968350748179004,2.2325405506038956,T;age_at_t0;sex_num;frailty;util_last30,NERV,INJ,cox_results_patched\cox_cohort_DX_NERV_TO_INJ_d14_h365.csv,,8.527629412857552e-20,Si
0.2371947367456668,0.02354863953589904,1.2676879591676482,1.210507149063828,1.3275698231616977,7.306242637637494e-24,27300.0,6825.0,20475.0,9786.0,2674.0,7112.0,0.39179487179487177,0.34735042735042737,365.0,breslow,True,54.086336996336996,0.06967032967032967,0.6454945054945055,2.0473626373626375,T;age_at_t0;sex_num;frailty;util_last30,BLD,DIGE,cox_results_patched\cox_cohort_DX_BLD_TO_DIGE_d14_h365.csv,,5.47968197822812e-23,Si
0.23650704915883003,0.02510453034685775,1.266816485579275,1.2059916441059857,1.330709060861776,4.47275334653124e-21,86090.0,21523.0,64567.0,7494.0,2193.0,5301.0,0.10189100032523347,0.08210076354794245,365.0,breslow,True,54.956510628412126,0.049668951097688464,0.08899988384249041,2.2669415727726796,T;age_at_t0;sex_num;frailty;util_last30,NERV,SKIN,cox_results_patched\cox_cohort_DX_NERV_TO_SKIN_d14_h365.csv,,2.795470841582025e-20,Si
0.23273055100038653,0.014613279963950124,1.2620413777226023,1.226406712958628,1.2987114488647573,4.185225131248224e-57,59773.0,14944.0,44829.0,24175.0,6905.0,17270.0,0.4620583511777302,0.3852416962234268,365.0,breslow,True,53.752898465862515,0.05984307295936292,0.7471266290800194,1.6833520151238854,T;age_at_t0;sex_num;frailty;util_last30,ENDO,SUPP,cox_results_patched\cox_cohort_DX_ENDO_TO_SUPP_d14_h365.csv,,2.354189136327126e-55,Si
0.22983697236061307,0.04226561504788787,1.2583948400655605,1.158349754583205,1.36708068287494,5.3906603783638537e-08,32076.0,8019.0,24057.0,2796.0,822.0,1974.0,0.1025065469509914,0.08205511909215613,365.0,breslow,True,55.74267365008106,0.07631874298540965,0.10684000498815313,2.5847986033171217,T;age_at_t0;sex_num;frailty;util_last30,BLD,INJ,cox_results_patched\cox_cohort_DX_BLD_TO_INJ_d14_h365.csv,,1.2767353527703863e-07,Si
0.22882202707114993,0.021661370246846605,1.2571182860761634,1.204862848011727,1.3116400657510263,4.394822363028002e-26,69627.0,17407.0,52220.0,11201.0,3737.0,7464.0,0.21468374791750444,0.1429337418613558,365.0,breslow,True,46.96117885303115,0.014965458801901562,0.3292400936418343,1.6466887845232452,T;age_at_t0;sex_num;frailty;util_last30,CIRC,ENDO,cox_results_patched\cox_cohort_DX_CIRC_TO_ENDO_d14_h365.csv,,4.120145965338752e-25,Si
0.2250571545968418,0.02146482798350904,1.2523942942373119,1.2007977069689777,1.306207914235046,1.013238722088588e-25,135152.0,33788.0,101364.0,10770.0,3113.0,7657.0,0.09213330176393986,0.07553963931967957,365.0,breslow,True,52.59734965076358,0.03304427607434592,0.0892476618917959,1.940541020480644,T;age_at_t0;sex_num;frailty;util_last30,MUSC,INJ,cox_results_patched\cox_cohort_DX_MUSC_TO_INJ_d14_h365.csv,,8.4436560174049e-25,Si
0.2243497699885406,0.030291407351219792,1.251508683060831,1.1793678936259624,1.3280622545702443,1.2979046564818025e-13,132356.0,33089.0,99267.0,5469.0,1531.0,3938.0,0.046269152890688746,0.03967078686774054,365.0,breslow,True,52.865582217655415,0.028362900057420894,0.04229502251503521,2.368355042461241,T;age_at_t0;sex_num;frailty;util_last30,DIGE,BLD,cox_results_patched\cox_cohort_DX_DIGE_TO_BLD_d14_h365.csv,,4.787353241121403e-13,Si
0.22204328721534078,0.024502507582911507,1.248625426212178,1.1900774301419592,1.310053796077428,1.2800527818947062e-19,83966.0,20992.0,62974.0,7778.0,2192.0,5586.0,0.10442073170731707,0.08870327436719916,365.0,breslow,True,54.61880999452159,0.040659314484434175,0.17479694161922682,2.1395564871495605,T;age_at_t0;sex_num;frailty;util_last30,NERV,MENT,cox_results_patched\cox_cohort_DX_NERV_TO_MENT_d14_h365.csv,,7.024679900641681e-19,Si
0.22022276071637492,0.03554805031072211,1.24635433845146,1.1624717790600854,1.3362897620041794,5.825808489169518e-10,67260.0,16815.0,50445.0,3981.0,1075.0,2906.0,0.06393101397561701,0.057607295073842796,365.0,breslow,True,54.94739815640797,0.05370205173951829,0.10689860243829914,2.3538655961938746,T;age_at_t0;sex_num;frailty;util_last30,INJ,NEOP,cox_results_patched\cox_cohort_DX_INJ_TO_NEOP_d14_h365.csv,,1.5968289051123584e-09,Si
0.22001021971887236,0.021767830453886618,1.2460894652063328,1.1940432917130703,1.3004042366592257,5.1368751033870446e-24,29556.0,7389.0,22167.0,10618.0,2952.0,7666.0,0.3995127892813642,0.3458293860242703,365.0,breslow,True,54.725605629990525,0.0489579104073623,0.6240695628637163,4.929286777642441,T;age_at_t0;sex_num;frailty;util_last30,NEOP,DIGE,cox_results_patched\cox_cohort_DX_NEOP_TO_DIGE_d14_h365.csv,,3.9855065457313275e-23,Si
0.21783651439417412,0.049316490133997214,1.243383775652023,1.1288237865218378,1.3695700179372257,1.0002789931340474e-05,5228.0,1307.0,3921.0,2145.0,568.0,1577.0,0.4345830145371079,0.4021933180311145,365.0,breslow,True,54.14517980107116,0.050306044376434586,0.704858454475899,2.2863427697016068,T;age_at_t0;sex_num;frailty;util_last30,CONG,MUSC,cox_results_patched\cox_cohort_DX_CONG_TO_MUSC_d14_h365.csv,,1.940196322889316e-05,Si
0.21599183926455734,0.03471838518239545,1.2410922507338265,1.1594477385631037,1.3284859020385447,4.932018129198378e-10,65785.0,16447.0,49338.0,3820.0,1142.0,2678.0,0.06943515534747978,0.0542786493169565,365.0,breslow,True,54.181865166831344,0.05875199513566923,0.10399027133845101,2.3880063844341417,T;age_at_t0;sex_num,ENDO,NEOP,cox_results_patched\cox_cohort_DX_ENDO_TO_NEOP_d14_h365.csv,,1.3700050358884381e-09,Si
0.210892132068007,0.017872771149073065,1.2347791548036087,1.1922729181500709,1.2788007996551705,3.92019536670861e-32,37128.0,9282.0,27846.0,15782.0,4449.0,11333.0,0.4793148028442146,0.4069884364002011,365.0,breslow,True,55.5868078000431,0.04705343675931911,0.7798965740142211,1.9640433096315448,T;age_at_t0;sex_num;frailty;util_last30,MENT,SUPP,cox_results_patched\cox_cohort_DX_MENT_TO_SUPP_d14_h365.csv,,5.880293050062915e-31,Si
0.21018496354950886,0.019623175900038287,1.2339062665339626,1.1873495317410252,1.282288520684626,9.032417512504768e-27,159108.0,39777.0,119331.0,13310.0,3513.0,9797.0,0.08831736933403726,0.0820993706580855,365.0,breslow,True,53.00813284058627,0.022098197450788143,0.16640269502476304,1.7936873067350478,T;age_at_t0;sex_num;frailty;util_last30,SUPP,MENT,cox_results_patched\cox_cohort_DX_SUPP_TO_MENT_d14_h365.csv,,9.677590191969394e-26,Si
0.20984782773818383,0.027380552234257137,1.2334903426590518,1.1690388849406965,1.3014951384703752,1.8006200910785883e-14,31004.0,7751.0,23253.0,6421.0,1829.0,4592.0,0.23596955231583022,0.19747989506730315,365.0,breslow,True,54.712004902593215,0.05150948264740034,1.223261514643272,4.180041284995484,T;age_at_t0;sex_num;frailty;util_last30,NEOP,ENDO,cox_results_patched\cox_cohort_DX_NEOP_TO_ENDO_d14_h365.csv,,7.234634294512185e-14,Si
0.20871455350663778,0.10026295873294246,1.2320932516320102,1.0122738675774505,1.4996473082428867,0.0373724766286208,63200.0,15800.0,47400.0,499.0,141.0,358.0,0.008924050632911393,0.007552742616033756,365.0,breslow,True,54.79064873417722,0.04756329113924051,0.007832278481012658,3.086582278481013,T;age_at_t0;sex_num,SKIN,CONG,cox_results_patched\cox_cohort_DX_SKIN_TO_CONG_d14_h365.csv,,0.04917431135344842,Si
0.2071337486732957,0.028753995289132663,1.230147091319795,1.1627360805525244,1.3014663358201288,5.862126923090031e-13,67400.0,16850.0,50550.0,5947.0,1679.0,4268.0,0.09964391691394658,0.08443125618199802,365.0,breslow,True,55.08074183976261,0.04700296735905044,0.09143916913946587,2.3802522255192877,T;age_at_t0;sex_num;frailty;util_last30,INJ,SKIN,cox_results_patched\cox_cohort_DX_INJ_TO_SKIN_d14_h365.csv,,2.017074234292536e-12,Si
0.20291790743308258,0.02450514291993563,1.2249719030318058,1.1675269891165156,1.2852432339511535,1.2253012438849607e-16,38216.0,9554.0,28662.0,8055.0,2365.0,5690.0,0.2475402972576931,0.19852068941455586,365.0,breslow,True,54.91689344777057,0.03469750889679715,0.5376543855976554,1.963915637429349,T;age_at_t0;sex_num;frailty;util_last30,MENT,ENDO,cox_results_patched\cox_cohort_DX_MENT_TO_ENDO_d14_h365.csv,,5.513855597482324e-16,Si
0.19981516908357785,0.028207770561373538,1.2211770260308394,1.1554939776086102,1.29059377011366,1.4036331603379419e-12,161332.0,40333.0,120999.0,6718.0,1839.0,4879.0,0.045595418143951606,0.04032264729460574,365.0,breslow,True,53.21087570971661,0.022500185951950018,0.03758088909825701,1.8792737956512038,T;age_at_t0;sex_num;frailty;util_last30,SUPP,BLD,cox_results_patched\cox_cohort_DX_SUPP_TO_BLD_d14_h365.csv,,4.51948210095848e-12,Si
0.19850179266068788,0.04887239078599476,1.2195742136950403,1.1081721061469902,1.3421753304017823,4.873031196030923e-05,5208.0,1302.0,3906.0,2190.0,582.0,1608.0,0.4470046082949309,0.4116743471582181,365.0,breslow,True,54.65130568356375,0.057987711213517666,0.7763056835637481,2.121351766513057,T;age_at_t0;sex_num;frailty;util_last30,CONG,SUPP,cox_results_patched\cox_cohort_DX_CONG_TO_SUPP_d14_h365.csv,,9.136933492557981e-05,Si
0.1974899492551414,0.028410433355315064,1.2183408196753729,1.1523524940388297,1.288107901502266,3.6188975327234226e-12,28944.0,7236.0,21708.0,6229.0,1750.0,4479.0,0.24184632393587618,0.20632946379215036,365.0,breslow,True,54.17754975124378,0.048196517412935326,0.5521697070204533,2.134362907683803,T;age_at_t0;sex_num;frailty;util_last30,BLD,ENDO,cox_results_patched\cox_cohort_DX_BLD_TO_ENDO_d14_h365.csv,,1.1309054789760694e-11,Si
0.19540815301089898,0.029733068238614997,1.215807120570467,1.1469787819762844,1.2887657362613827,4.961663079265771e-11,32844.0,8211.0,24633.0,5502.0,1549.0,3953.0,0.1886493727925953,0.16047578451670524,365.0,breslow,True,55.640878090366584,0.04871513822920472,0.25590671051029107,2.319175496285471,T;age_at_t0;sex_num;frailty;util_last30,NEOP,NERV,cox_results_patched\cox_cohort_DX_NEOP_TO_NERV_d14_h365.csv,,1.4884989237797312e-10,Si
0.19472298560257584,0.03939979855741848,1.2149743744744652,1.1246809331249914,1.3125168989288492,7.723282563756476e-07,56392.0,14098.0,42294.0,3277.0,854.0,2423.0,0.0605759682224429,0.057289450040194825,365.0,breslow,True,54.64964888636686,0.05014895729890765,0.10923535253227408,2.3723223152220174,T;age_at_t0;sex_num;frailty;util_last30,INFE,NEOP,cox_results_patched\cox_cohort_DX_INFE_TO_NEOP_d14_h365.csv,,1.6393760158917049e-06,Si
0.19070560190653535,0.019525309098236552,1.2101031475766473,1.164667916389886,1.2573108670443545,1.5585272599508964e-22,54228.0,13557.0,40671.0,13830.0,3639.0,10191.0,0.26842221730471344,0.250571660396843,365.0,breslow,True,54.32610459541196,0.044128494504683924,0.3583019842147968,2.2526001327727374,T;age_at_t0;sex_num;frailty;util_last30,INFE,GEN,cox_results_patched\cox_cohort_DX_INFE_TO_GEN_d14_h365.csv,,1.131189140286941e-21,Si
0.1886179738808378,0.0113002297511014,1.207579537427949,1.1811275387695284,1.2346239430958226,1.5108325918930958e-62,128880.0,32220.0,96660.0,41014.0,11364.0,29650.0,0.3527001862197393,0.30674529277881235,365.0,breslow,True,51.44158907510863,0.026350093109869646,0.5003724394785848,1.6091402855369337,T;age_at_t0;sex_num;frailty;util_last30,MUSC,DIGE,cox_results_patched\cox_cohort_DX_MUSC_TO_DIGE_d14_h365.csv,,3.399373331759466e-60,Si
0.18739339440752836,0.02645509115273563,1.2061016653845944,1.1451566223706096,1.270290193346767,1.4060610980759716e-12,131972.0,32993.0,98979.0,6994.0,1884.0,5110.0,0.057103021853120356,0.05162711282191172,365.0,breslow,True,52.70188373291304,0.03120358864001455,0.08923862637529173,1.853180977783166,T;age_at_t0;sex_num;frailty;util_last30,DIGE,NEOP,cox_results_patched\cox_cohort_DX_DIGE_TO_NEOP_d14_h365.csv,,4.51948210095848e-12,Si
0.18538301638706153,0.028828815500111012,1.2036793807757546,1.1375519464474968,1.27365089236527,1.2720466864783823e-10,66008.0,16502.0,49506.0,6021.0,1557.0,4464.0,0.09435219973336566,0.0901708883771664,365.0,breslow,True,54.73247182159738,0.02348200218155375,0.17461519815779905,2.257302145194522,T;age_at_t0;sex_num;frailty;util_last30,INJ,MENT,cox_results_patched\cox_cohort_DX_INJ_TO_MENT_d14_h365.csv,,3.765927690232053e-10,Si
0.183247497495328,0.03091933003729998,1.2011116434201683,1.130483718527743,1.2761521075582773,3.092104401703421e-09,31172.0,7793.0,23379.0,5298.0,1473.0,3825.0,0.1890157833953548,0.1636083664827409,365.0,breslow,True,55.49627871166432,0.05219427691518029,0.2547799307070448,2.5011869626587964,T;age_at_t0;sex_num;frailty;util_last30,BLD,NERV,cox_results_patched\cox_cohort_DX_BLD_TO_NERV_d14_h365.csv,,7.996821728543331e-09,Si
0.1814751347422202,0.0606794591439871,1.1989847232748376,1.064540653465596,1.3504081426730583,0.0027832262779200465,5528.0,1382.0,4146.0,1425.0,386.0,1039.0,0.2793053545586107,0.2506029908345393,365.0,breslow,True,55.15557163531114,0.09225759768451519,0.3824167872648336,2.392727930535456,T;age_at_t0;sex_num;frailty;util_last30,CONG,GEN,cox_results_patched\cox_cohort_DX_CONG_TO_GEN_d14_h365.csv,,0.004040167177625874,Si
0.17774999308667983,0.011183479034832243,1.194526643981527,1.1686279567991926,1.2209992879940617,6.975450457812428e-57,104576.0,26144.0,78432.0,42459.0,11320.0,31139.0,0.43298653610771115,0.3970190738474092,365.0,breslow,True,53.797945991432066,0.028486459608323134,0.6981047276621787,1.842985006119951,T;age_at_t0;sex_num;frailty;util_last30,GEN,SUPP,cox_results_patched\cox_cohort_DX_GEN_TO_SUPP_d14_h365.csv,,3.138952706015593e-55,Si
0.17493922908143075,0.01582208678368168,1.1911738256851863,1.1548008894027881,1.2286924057802486,2.0356566096531992e-28,59545.0,14887.0,44658.0,20431.0,5696.0,14735.0,0.38261570497749714,0.3299520802543777,365.0,breslow,True,52.89298849609539,0.056814174154001175,0.5607187841128558,2.427323872701318,T;age_at_t0;sex_num;frailty;util_last30,ENDO,DIGE,cox_results_patched\cox_cohort_DX_ENDO_TO_DIGE_d14_h365.csv,,2.4106459851156308e-27,Si
0.1745755372855336,0.010612515001233664,1.1907406843070545,1.1662284650470143,1.2157681104164042,8.391189546193234e-61,125648.0,31412.0,94236.0,48109.0,12661.0,35448.0,0.40306252387622565,0.37616197631478415,365.0,breslow,True,52.38433560422769,0.022610785686998598,0.6570578123010314,1.5347319495734115,T;age_at_t0;sex_num;frailty;util_last30,DIGE,SUPP,cox_results_patched\cox_cohort_DX_DIGE_TO_SUPP_d14_h365.csv,,9.440088239467388e-59,Si
0.17180683369874197,0.012437341757741057,1.1874484360363933,1.1588517496181456,1.2167507955266046,2.1045935629747602e-43,80038.0,20010.0,60028.0,33177.0,8782.0,24395.0,0.43888055972013995,0.40639368294795764,365.0,breslow,True,54.37226067617882,0.030735400684674778,1.820047977210825,1.8720357830030736,T;age_at_t0;sex_num;frailty;util_last30,NERV,SUPP,cox_results_patched\cox_cohort_DX_NERV_TO_SUPP_d14_h365.csv,,4.735335516693211e-42,Si
0.17146746534591112,0.02971224173689649,1.1870455219885894,1.1198911258748594,1.2582268389459654,7.883210069033876e-09,65973.0,16494.0,49479.0,5469.0,1557.0,3912.0,0.0943979628955984,0.07906384526768932,365.0,breslow,True,54.277022418262014,0.04753459748685068,0.08823306504175951,2.4033922968487107,T;age_at_t0;sex_num;frailty;util_last30,ENDO,SKIN,cox_results_patched\cox_cohort_DX_ENDO_TO_SKIN_d14_h365.csv,,1.9708025172584692e-08,Si
0.16714454065580636,0.04162177564073482,1.1819250891900717,1.0893333029086016,1.2823870460280669,5.9245604998624975e-05,73079.0,18270.0,54809.0,2968.0,817.0,2151.0,0.044718117131910234,0.03924537940849131,365.0,breslow,True,47.8104517029516,0.011836505699311703,0.04478714815473665,1.4992131802569821,T;age_at_t0;sex_num;frailty;util_last30,CIRC,BLD,cox_results_patched\cox_cohort_DX_CIRC_TO_BLD_d14_h365.csv,,0.0001075021058442792,Si
0.16572064387798544,0.01454889917071238,1.1802433474614042,1.1470630447020687,1.2143834339887603,4.657885852401834e-30,67347.0,16837.0,50510.0,25860.0,7350.0,18510.0,0.436538575755776,0.3664620867155019,365.0,breslow,True,47.38310540929811,0.01281423077494172,0.6689533312545474,1.192644067293272,T;age_at_t0;sex_num;frailty;util_last30,CIRC,SUPP,cox_results_patched\cox_cohort_DX_CIRC_TO_SUPP_d14_h365.csv,,5.822357315502293e-29,Si
0.16327715379902905,0.022277601886739662,1.17736295508937,1.1270606556940903,1.229910316728344,2.3151869913243487e-13,109812.0,27453.0,82359.0,9955.0,2681.0,7274.0,0.0976578151750264,0.08832064498111925,365.0,breslow,True,54.13346446654282,0.03511455942884202,0.18037190835245692,2.2821913816340653,T;age_at_t0;sex_num;frailty;util_last30,GEN,MENT,cox_results_patched\cox_cohort_DX_GEN_TO_MENT_d14_h365.csv,,8.268524969015531e-13,Si
0.16249897877931382,0.02215017184849071,1.176447117035945,1.1264652604766405,1.228646694880376,2.1967779284079276e-13,64413.0,16104.0,48309.0,9898.0,2837.0,7061.0,0.17616741182314952,0.14616324080399098,365.0,breslow,True,53.84695635974104,0.048810022821480135,0.2372812941486967,2.3079657833046126,T;age_at_t0;sex_num,ENDO,NERV,cox_results_patched\cox_cohort_DX_ENDO_TO_NERV_d14_h365.csv,,7.972177965996512e-13,Si
0.1624068844032499,0.03168308446016801,1.1763387778615202,1.1055114061058966,1.2517038835221062,2.9599268353925425e-07,55708.0,13927.0,41781.0,5255.0,1313.0,3942.0,0.09427730308034753,0.0943491060529906,365.0,breslow,True,54.6438034034609,0.04735406045810297,0.179166367487614,2.3093810583758168,T;age_at_t0;sex_num;frailty;util_last30,INFE,MENT,cox_results_patched\cox_cohort_DX_INFE_TO_MENT_d14_h365.csv,,6.593896415478435e-07,Si
0.1614512061082611,0.03646535714783728,1.1752151134403355,1.094151422374335,1.2622846661036133,9.53214275133652e-06,41444.0,10361.0,31083.0,3703.0,1045.0,2658.0,0.10085899044493775,0.0855129813724544,365.0,breslow,True,56.30863333655053,0.049971045265900974,0.10657755042949522,2.390551105105685,T;age_at_t0;sex_num;frailty;util_last30,MENT,INJ,cox_results_patched\cox_cohort_DX_MENT_TO_INJ_d14_h365.csv,,1.8649844513484497e-05,Si
0.16084753534967516,0.0422673639554457,1.1745058845332175,1.0811264447650215,1.275950726654343,0.000141530436352923,57012.0,14253.0,42759.0,2896.0,749.0,2147.0,0.05255034027923946,0.05021165134825417,365.0,breslow,True,54.806093454009684,0.057005542692766434,0.053707991300077175,2.408843752192521,T;age_at_t0;sex_num;frailty;util_last30,INFE,BLD,cox_results_patched\cox_cohort_DX_INFE_TO_BLD_d14_h365.csv,,0.0002468554122434703,Si
0.1580596815522772,0.021120741378520786,1.1712360938099668,1.1237406972389663,1.2207389042807926,7.230076395521521e-14,134052.0,33513.0,100539.0,11126.0,3117.0,8009.0,0.09300868319756513,0.07966062920856583,365.0,breslow,True,52.4191507773103,0.025288693939665204,0.16872556918210843,1.869834094232089,T;age_at_t0;sex_num;frailty;util_last30,MUSC,MENT,cox_results_patched\cox_cohort_DX_MUSC_TO_MENT_d14_h365.csv,,2.757232523715835e-13,Si
0.15487337151112837,0.039389438951718266,1.167510111703162,1.0807660239669092,1.26121642492609,8.429460555762953e-05,33032.0,8258.0,24774.0,3166.0,872.0,2294.0,0.10559457495761686,0.09259707758133527,365.0,breslow,True,56.0460765318479,0.07610801646887866,0.1902094938241705,4.394102688302253,T;age_at_t0;sex_num;frailty;util_last30,NEOP,MENT,cox_results_patched\cox_cohort_DX_NEOP_TO_MENT_d14_h365.csv,,0.0001493408366178476,Si
0.15395965844529597,0.01597257163881786,1.1664438296717035,1.1304925447132093,1.2035384170749697,5.471705826854181e-22,133720.0,33430.0,100290.0,19922.0,5424.0,14498.0,0.1622494765180975,0.1445607737561073,365.0,breslow,True,52.30106939874364,0.02924768172300329,0.22201615315584805,1.855563864792103,T;age_at_t0;sex_num;frailty;util_last30,MUSC,NERV,cox_results_patched\cox_cohort_DX_MUSC_TO_NERV_d14_h365.csv,,3.8472931595068456e-21,Si
0.1510916874580471,0.04351991857430693,1.1631032951776845,1.0680052401702373,1.2666691364150549,0.0005170152222114704,41408.0,10352.0,31056.0,2550.0,725.0,1825.0,0.07003477588871716,0.058764811952601755,365.0,breslow,True,56.21092542503864,0.0414654173106646,0.11420498454404945,2.3717156105100465,T;age_at_t0;sex_num;frailty;util_last30,MENT,NEOP,cox_results_patched\cox_cohort_DX_MENT_TO_NEOP_d14_h365.csv,,0.0008250242907629847,Si
0.15034003908828653,0.0322625798188626,1.1622293789619955,1.0910116473516611,1.2380959750533218,3.1638003190490297e-06,56776.0,14194.0,42582.0,4964.0,1323.0,3641.0,0.0932083979146118,0.08550561270020196,365.0,breslow,True,54.93447935747499,0.06626039171480907,0.10053543750880654,2.42303085810906,T;age_at_t0;sex_num;frailty;util_last30,INFE,INJ,cox_results_patched\cox_cohort_DX_INFE_TO_INJ_d14_h365.csv,,6.413108754829115e-06,Si
0.148848289792252,0.010472013397445046,1.1604969166251071,1.1369203317969039,1.1845624146485583,7.510838638559654e-46,129768.0,32442.0,97326.0,49612.0,13283.0,36329.0,0.40943838234387525,0.3732712738630993,365.0,breslow,True,52.02229363171198,0.023056531656494666,1.9872541766845446,1.611113679797793,T;age_at_t0;sex_num;frailty;util_last30,MUSC,SUPP,cox_results_patched\cox_cohort_DX_MUSC_TO_SUPP_d14_h365.csv,,2.1124233670949027e-44,Si
0.14683932081301257,0.040568037282341284,1.1581678546091072,1.0696440908197618,1.254017846648287,0.0002950797636212324,62812.0,15703.0,47109.0,3047.0,783.0,2264.0,0.04986308348723174,0.04805875734997559,365.0,breslow,True,54.76803795453098,0.044147615105393875,0.056103929185505955,3.0576959816595557,T;age_at_t0;sex_num;frailty;util_last30,SKIN,BLD,cox_results_patched\cox_cohort_DX_SKIN_TO_BLD_d14_h365.csv,,0.0004954697523490842,Si
0.14631514376596663,0.01390013254042175,1.1575609286853106,1.1264497627085173,1.1895313470499853,6.544401422012567e-26,155064.0,38766.0,116298.0,28083.0,6978.0,21105.0,0.18000309549605326,0.18147345612134344,365.0,breslow,True,51.98419362327813,0.02082365990816695,0.44967239333436515,1.6930880152711139,T;age_at_t0;sex_num;frailty;util_last30,SUPP,ENDO,cox_results_patched\cox_cohort_DX_SUPP_TO_ENDO_d14_h365.csv,,5.889961279811311e-25,Si
0.14411941840767523,0.021852381799292303,1.155022031181291,1.106596125356647,1.2055671097566818,4.248677155338293e-11,65736.0,16434.0,49302.0,11087.0,2794.0,8293.0,0.17001338688085676,0.16820818628047543,365.0,breslow,True,54.616785323110626,0.046382499695752706,0.2457101131799927,2.237115127175368,T;age_at_t0;sex_num;frailty;util_last30,INJ,NERV,cox_results_patched\cox_cohort_DX_INJ_TO_NERV_d14_h365.csv,,1.2918275134474539e-10,Si
0.14019692069980236,0.01473090406601126,1.1505003338826483,1.1177573912563745,1.1842024294523192,1.7791251789743936e-21,62736.0,15684.0,47052.0,25279.0,6175.0,19104.0,0.39371333843407297,0.4060188727365468,365.0,breslow,True,54.09485781688345,0.031927441979086965,0.649116934455496,2.396375286916603,T;age_at_t0;sex_num;frailty;util_last30,INJ,MUSC,cox_results_patched\cox_cohort_DX_INJ_TO_MUSC_d14_h365.csv,,1.2130398947552683e-20,Si
0.13996926827053272,0.015513399456848452,1.1502384494972038,1.1157903694666738,1.1857500538691,1.8388594645177582e-19,105476.0,26369.0,79107.0,20240.0,5249.0,14991.0,0.1990595016875877,0.18950282528726914,365.0,breslow,True,52.948831961773294,0.038018127346505365,0.49783837081421367,2.007565702150252,T;age_at_t0;sex_num;frailty;util_last30,GEN,ENDO,cox_results_patched\cox_cohort_DX_GEN_TO_ENDO_d14_h365.csv,,9.621939058523152e-19,Si
0.1376969627307468,0.01777062524110209,1.1476277236031383,1.108343476645229,1.1883043656908687,9.293193760661717e-15,63853.0,15964.0,47889.0,15777.0,4471.0,11306.0,0.28006765221748936,0.23608761928626615,365.0,breslow,True,53.720357696584344,0.04652874571280911,0.34007799163704133,2.276588414013437,T;age_at_t0;sex_num,ENDO,GEN,cox_results_patched\cox_cohort_DX_ENDO_TO_GEN_d14_h365.csv,,3.8721640669423823e-14,Si
0.137286614017621,0.048314581882422665,1.1471568926526543,1.043510003031592,1.2610985352678528,0.0044899725476887555,5520.0,1380.0,4140.0,2253.0,605.0,1648.0,0.4384057971014493,0.39806763285024155,365.0,breslow,True,55.93858695652174,0.09528985507246376,0.6052536231884058,2.3931159420289854,T;age_at_t0;sex_num;frailty;util_last30,CONG,RESP,cox_results_patched\cox_cohort_DX_CONG_TO_RESP_d14_h365.csv,,0.006393948248290949,Si
0.13578191350584495,0.021611366375425642,1.1454320630905903,1.0979267574132423,1.1949928374522207,3.3232871740089694e-10,40132.0,10033.0,30099.0,10486.0,2932.0,7554.0,0.29223562244592843,0.2509717930828267,365.0,breslow,True,55.65072759892355,0.04368085318449118,2.5334894847004885,2.2311621648559754,T;age_at_t0;sex_num;frailty;prior_outcome_count;util_last30,MENT,GEN,cox_results_patched\cox_cohort_DX_MENT_TO_GEN_d14_h365.csv,,9.346745176900226e-10,Si
0.1357528611496667,0.03979359665258669,1.1453987860737056,1.0594579524413272,1.23831094581526,0.0006462433241422795,67792.0,16948.0,50844.0,3348.0,851.0,2497.0,0.0502124144441822,0.04911100621508929,365.0,breslow,True,54.981812013216896,0.03798383290063724,0.05300035402407364,2.6874852489969316,T;age_at_t0;sex_num;frailty;util_last30,INJ,BLD,cox_results_patched\cox_cohort_DX_INJ_TO_BLD_d14_h365.csv,,0.0010178416625294538,Si
0.1347115640102295,0.02517351543694902,1.1442067063565664,1.0891215716408347,1.2020779139457596,8.731443688402186e-08,160828.0,40207.0,120621.0,8521.0,2152.0,6369.0,0.0535230183798841,0.05280175093889124,365.0,breslow,True,53.06874424851394,0.0287512124754396,0.08337478548511454,1.8662919392145647,T;age_at_t0;sex_num;frailty;util_last30,SUPP,NEOP,cox_results_patched\cox_cohort_DX_SUPP_TO_NEOP_d14_h365.csv,,2.004668193765808e-07,Si
0.1342930264398401,0.022144572339622286,1.1437279130651443,1.095148165040601,1.1944626132627947,1.324664323863258e-09,131992.0,32998.0,98994.0,10495.0,2814.0,7681.0,0.08527789563003818,0.07759056104410368,365.0,breslow,True,52.93901145523971,0.027744105703375963,0.09124795442148009,1.8505818534456633,T;age_at_t0;sex_num;frailty;util_last30,DIGE,INJ,cox_results_patched\cox_cohort_DX_DIGE_TO_INJ_d14_h365.csv,,3.4656915449910818e-09,Si
0.13252367252041644,0.014681209771804852,1.1417060428288963,1.1093214270077878,1.1750360684440893,1.7683898827608219e-19,130256.0,32564.0,97692.0,23739.0,6450.0,17289.0,0.19807148998894486,0.17697457314826187,365.0,breslow,True,51.191415366662575,0.027499692912418622,0.4747190148630389,1.620969475494411,T;age_at_t0;sex_num;frailty;util_last30,MUSC,ENDO,cox_results_patched\cox_cohort_DX_MUSC_TO_ENDO_d14_h365.csv,,9.47351722907583e-19,Si
0.13197317162952193,0.015090322016454978,1.1410777056011494,1.107822238045756,1.1753314615861725,2.2193115291962794e-18,158952.0,39738.0,119214.0,23986.0,6036.0,17950.0,0.15189491167144797,0.15056956397738522,365.0,breslow,True,52.89331999597363,0.02588831848608385,0.21356761789722684,1.7762217524787358,T;age_at_t0;sex_num;frailty;util_last30,SUPP,NERV,cox_results_patched\cox_cohort_DX_SUPP_TO_NERV_d14_h365.csv,,1.062436370359921e-17,Si
0.12962347495139825,0.012114925937149081,1.1383996666285938,1.111686487209823,1.1657547482049149,1.0234484130504576e-26,103892.0,25973.0,77919.0,35494.0,9213.0,26281.0,0.3547145112231933,0.3372861561365007,365.0,breslow,True,53.10659146036269,0.03050282986177954,0.5596966080160166,1.997863165595041,T;age_at_t0;sex_num;frailty;util_last30,GEN,DIGE,cox_results_patched\cox_cohort_DX_GEN_TO_DIGE_d14_h365.csv,,1.0467086042561498e-25,Si
0.12915213902765563,0.016085158740564945,1.1378632244023126,1.1025495028732262,1.1743080143550697,9.805154222448075e-16,51696.0,12924.0,38772.0,21557.0,5357.0,16200.0,0.4145001547508511,0.4178272980501393,365.0,breslow,True,54.080779944289695,0.04110569483132157,1.1764353141442279,1.9922431135871248,T;age_at_t0;sex_num;frailty;prior_outcome_count;util_last30,INFE,SUPP,cox_results_patched\cox_cohort_DX_INFE_TO_SUPP_d14_h365.csv,,4.242614807790033e-15,Si
0.12851106862363118,0.017997105726481798,1.1371340077299077,1.0977215806523024,1.1779614925375654,9.28892635371162e-13,38508.0,9627.0,28881.0,15954.0,4369.0,11585.0,0.4538277760465358,0.4011287697794398,365.0,breslow,True,55.455385893840244,0.03443440324088501,0.7109431806377895,2.1175080502752675,T;age_at_t0;sex_num;frailty;util_last30,MENT,MUSC,cox_results_patched\cox_cohort_DX_MENT_TO_MUSC_d14_h365.csv,,3.1194155665449474e-12,Si
0.12721002094642886,0.02976040762074705,1.1356555041808454,1.0713072395735284,1.2038688590302684,1.915910145595525e-05,72891.0,18223.0,54668.0,5954.0,1652.0,4302.0,0.09065466717883992,0.07869320260481452,365.0,breslow,True,47.80617634550219,0.015310532164464749,0.10322262007655265,1.4780562758090847,T;age_at_t0;sex_num;frailty;util_last30,CIRC,INJ,cox_results_patched\cox_cohort_DX_CIRC_TO_INJ_d14_h365.csv,,3.622519182848682e-05,Si
0.1254851337249217,0.017422714894664244,1.1336983149642428,1.0956377485891984,1.1730810397941727,5.916751087258106e-13,79510.0,19878.0,59632.0,15691.0,4077.0,11614.0,0.2051011168125566,0.1947612020391736,365.0,breslow,True,53.458935982895234,0.047729845302477675,0.7817507231794742,1.848484467362596,T;age_at_t0;sex_num;frailty;prior_outcome_count;util_last30,NERV,ENDO,cox_results_patched\cox_cohort_DX_NERV_TO_ENDO_d14_h365.csv,,2.017074234292536e-12,Si
0.1250567307853266,0.01511091707819158,1.133212739291947,1.1001420780332616,1.1672775163634213,1.2746827455208356e-16,126660.0,31665.0,94995.0,22980.0,5806.0,17174.0,0.18335701879046265,0.18078846255066056,365.0,breslow,True,51.715166587715146,0.029985788725722405,0.629906837201958,1.5465182378019895,T;age_at_t0;sex_num;frailty;prior_outcome_count;util_last30,DIGE,ENDO,cox_results_patched\cox_cohort_DX_DIGE_TO_ENDO_d14_h365.csv,,5.623600347886039e-16,Si
0.12442335169805326,0.03406287957268717,1.1324952132984147,1.0593548679865432,1.2106853396364567,0.0002594418034099501,67788.0,16947.0,50841.0,4501.0,1229.0,3272.0,0.07252021006667847,0.0643575067366889,365.0,breslow,True,55.001475187348795,0.04524399598749041,0.05797486280757656,2.382206290198855,T;age_at_t0;sex_num,INJ,INFE,cox_results_patched\cox_cohort_DX_INJ_TO_INFE_d14_h365.csv,,0.0004418069683274936,Si
0.12325604960475722,0.02458037025150376,1.1311740205308463,1.0779687938878433,1.1870052936403,5.319649903685509e-07,160838.0,40210.0,120628.0,9679.0,2691.0,6988.0,0.06692365083312608,0.05793016546738734,365.0,breslow,True,54.94449072980266,0.033499546127159004,0.05118193461744115,2.236934057871896,T;age_at_t0;sex_num;frailty;util_last30,RESP,INFE,cox_results_patched\cox_cohort_DX_RESP_TO_INFE_d14_h365.csv,,1.1508857964704226e-06,Si
0.12287626897866251,0.013669708896989798,1.1307445041192754,1.1008511348266887,1.1614496212489605,2.4961365041953105e-19,78398.0,19600.0,58798.0,27063.0,7047.0,20016.0,0.3595408163265306,0.34041974216810095,365.0,breslow,True,53.46603229674226,0.029056863695502436,0.574313120232659,1.7973800352049798,T;age_at_t0;sex_num;frailty;util_last30,NERV,DIGE,cox_results_patched\cox_cohort_DX_NERV_TO_DIGE_d14_h365.csv,,1.2764334396453293e-18,Si
0.12275309532095623,0.024478242447151025,1.1306052347601059,1.0776424518219079,1.1861709741536817,5.309311350458924e-07,55164.0,13791.0,41373.0,9039.0,2222.0,6817.0,0.161119570734537,0.16476929398399923,365.0,breslow,True,54.382006380973095,0.03569356826916105,0.23132840258139367,2.2730403886592705,T;age_at_t0;sex_num;frailty;util_last30,INFE,NERV,cox_results_patched\cox_cohort_DX_INFE_TO_NERV_d14_h365.csv,,1.1508857964704226e-06,Si
0.12053911720138641,0.041986858153417586,1.1281048684080102,1.0389856235641008,1.2248683381780583,0.004093344013178591,41672.0,10418.0,31254.0,2770.0,761.0,2009.0,0.07304665002879632,0.06427977218915978,365.0,breslow,True,56.357434248416205,0.05257727010942599,0.060928201190247645,2.428129199462469,T;age_at_t0;sex_num;frailty;util_last30,MENT,INFE,cox_results_patched\cox_cohort_DX_MENT_TO_INFE_d14_h365.csv,,0.00586625734372728,Si
0.11871172685433036,0.029914832881426538,1.1260452628857855,1.0619200679535974,1.1940427272563088,7.23801111986101e-05,71563.0,17891.0,53672.0,5796.0,1767.0,4029.0,0.09876474204907496,0.07506707407959458,365.0,breslow,True,47.44560736693543,0.015832203792462585,0.15998490840238672,1.407487109260372,T;age_at_t0;sex_num;frailty;util_last30,CIRC,MENT,cox_results_patched\cox_cohort_DX_CIRC_TO_MENT_d14_h365.csv,,0.0001292501985689466,Si
0.11565893929033291,0.018674750202411775,1.1226129276715189,1.0822653913858853,1.164464645553716,5.890524405525589e-10,60608.0,15152.0,45456.0,15270.0,3840.0,11430.0,0.25343189017951423,0.2514519535374868,365.0,breslow,True,54.08083091341077,0.03940073917634636,0.34280953009503695,2.9260988648363253,T;age_at_t0;sex_num;frailty;util_last30,SKIN,GEN,cox_results_patched\cox_cohort_DX_SKIN_TO_GEN_d14_h365.csv,,1.5968289051123584e-09,Si
0.1154939679746844,0.025243703881010177,1.1224277440152926,1.0682441383423573,1.1793596569509062,4.758576426948085e-06,132448.0,33112.0,99336.0,8007.0,2195.0,5812.0,0.06629016670693404,0.05850849641620359,365.0,breslow,True,52.986092655230735,0.030932894418941773,0.05414200289925103,2.0427564025126843,T;age_at_t0;sex_num;frailty;util_last30,DIGE,INFE,cox_results_patched\cox_cohort_DX_DIGE_TO_INFE_d14_h365.csv,,9.391927158450167e-06,Si
0.1148494050109964,0.01529099542953697,1.1217045017747054,1.088585398652937,1.1558312199103693,5.871439181069161e-14,83798.0,20950.0,62848.0,20995.0,5498.0,15497.0,0.26243436754176613,0.24657904786150714,365.0,breslow,True,54.303849733883865,0.032268073223704626,0.6022578104489368,2.106518055323516,T;age_at_t0;sex_num;frailty;util_last30,NERV,GEN,cox_results_patched\cox_cohort_DX_NERV_TO_GEN_d14_h365.csv,,2.2777134754147606e-13,Si
0.11430276554523847,0.021327752453197856,1.121091501385484,1.0751932047039527,1.168949123729649,8.352460731795742e-08,58344.0,14586.0,43758.0,11507.0,2730.0,8777.0,0.18716577540106952,0.20058046528634763,365.0,breslow,True,53.27749211572741,0.046174413821472644,0.5058960647195941,2.7061223090634856,T;age_at_t0;sex_num;frailty;util_last30,SKIN,ENDO,cox_results_patched\cox_cohort_DX_SKIN_TO_ENDO_d14_h365.csv,,1.937426458406229e-07,Si
0.11218584742247396,0.01611025317155779,1.1187207526947025,1.083947804693282,1.154609213737871,3.316141134143412e-12,130287.0,32572.0,97715.0,19864.0,5058.0,14806.0,0.15528674935527448,0.151522284193829,365.0,breslow,True,52.661309263395424,0.02083093478244184,0.21935419496956718,2.6036212361939413,T;age_at_t0;sex_num,DIGE,NERV,cox_results_patched\cox_cohort_DX_DIGE_TO_NERV_d14_h365.csv,,1.050889796031363e-11,Si
0.11154801279200305,0.014840915850835221,1.1180074213747007,1.0859550364177455,1.1510058449308391,5.6370324920686456e-14,61897.0,15475.0,46422.0,23644.0,6526.0,17118.0,0.4217124394184168,0.3687475765800698,365.0,breslow,True,53.229316445061954,0.06591595715462785,0.6147955474417177,2.1510735576845406,T;age_at_t0;sex_num;frailty;util_last30,ENDO,MUSC,cox_results_patched\cox_cohort_DX_ENDO_TO_MUSC_d14_h365.csv,,2.225144404763939e-13,Si
0.11089621081667145,0.012213314684643515,1.1172789393678098,1.0908509874148216,1.1443471590131662,1.0863093910035578e-19,158796.0,39699.0,119097.0,36667.0,9249.0,27418.0,0.23297816065895866,0.23021570652493345,365.0,breslow,True,52.82622987984584,0.02006977505730623,0.28823144159802516,1.772620217133933,T;age_at_t0;sex_num;frailty;util_last30,SUPP,GEN,cox_results_patched\cox_cohort_DX_SUPP_TO_GEN_d14_h365.csv,,6.110490324395013e-19,Si
0.10924829506462458,0.023060941264039434,1.1154392740272623,1.066144478846709,1.167013288281877,2.165057769459897e-06,111824.0,27956.0,83868.0,9283.0,2523.0,6760.0,0.09024896265560166,0.0806028521009205,365.0,breslow,True,54.46525790527973,0.0370850622406639,0.08532157676348548,2.3904975676062383,T;age_at_t0;sex_num;frailty;util_last30,GEN,SKIN,cox_results_patched\cox_cohort_DX_GEN_TO_SKIN_d14_h365.csv,,4.428527255713426e-06,Si
0.10785781907680508,0.030283630230569795,1.1138893603094804,1.0496973702584014,1.1820068737575584,0.0003686182801122723,66021.0,16506.0,49515.0,5392.0,1476.0,3916.0,0.08942202835332606,0.07908714530950217,365.0,breslow,True,54.20700989079232,0.05964768785689402,0.10199784916920374,2.4097029732963753,T;age_at_t0;sex_num;frailty;util_last30,ENDO,INJ,cox_results_patched\cox_cohort_DX_ENDO_TO_INJ_d14_h365.csv,,0.0006010080654004441,Si
0.10705125701903702,0.03523928003602602,1.1129913016336155,1.0387128144137483,1.1925814530470027,0.00238281273481295,86074.0,21519.0,64555.0,4006.0,1054.0,2952.0,0.048979971188252244,0.045728448609712646,365.0,breslow,True,54.84567929920766,0.04348583776750238,0.04945744359504612,2.2354253316913355,T;age_at_t0;sex_num;frailty;util_last30,NERV,BLD,cox_results_patched\cox_cohort_DX_NERV_TO_BLD_d14_h365.csv,,0.0035505487770391636,Si
0.10522988488502417,0.031260020307565896,1.1109659752878065,1.0449408125265796,1.1811629744491314,0.0007619017980988355,85794.0,21449.0,64345.0,4997.0,1307.0,3690.0,0.06093524173621148,0.05734711321781024,365.0,breslow,True,54.55587803342891,0.041995943772291766,0.1044828309672005,2.2027531062778283,T;age_at_t0;sex_num;frailty;util_last30,NERV,NEOP,cox_results_patched\cox_cohort_DX_NERV_TO_NEOP_d14_h365.csv,,0.0011904715595294306,Si
0.10468268734765275,0.017003312403837425,1.110358223737266,1.0739636982852399,1.1479860883468382,7.432065315383087e-10,109672.0,27418.0,82254.0,17705.0,4526.0,13179.0,0.16507403895251294,0.16022321102925086,365.0,breslow,True,54.04460573345977,0.027399883288350718,0.23860237799985412,2.2776369538259535,T;age_at_t0;sex_num,GEN,NERV,cox_results_patched\cox_cohort_DX_GEN_TO_NERV_d14_h365.csv,,1.990731780906184e-09,Si
0.10342924626267924,0.017836649507811317,1.1089673270062541,1.0708678700579894,1.148422290698478,6.6833942078704714e-09,50496.0,12624.0,37872.0,17575.0,4283.0,13292.0,0.3392743979721166,0.35097169412758766,365.0,breslow,True,53.20552122940431,0.04616207224334601,0.5868583650190115,1.9164092205323193,T;age_at_t0;sex_num;frailty;util_last30,INFE,DIGE,cox_results_patched\cox_cohort_DX_INFE_TO_DIGE_d14_h365.csv,,1.7088223826941546e-08,Si
0.10113539233615908,0.010878514133804206,1.1064264332824731,1.0830850584941578,1.130270833916022,1.4473336475661616e-20,128564.0,32141.0,96423.0,47776.0,12116.0,35660.0,0.37696400236458105,0.3698287752922021,365.0,breslow,True,52.20871317009427,0.029798388351326966,0.70979434367319,1.8319358451821661,T;age_at_t0;sex_num;frailty;prior_outcome_count;util_last30,DIGE,MUSC,cox_results_patched\cox_cohort_DX_DIGE_TO_MUSC_d14_h365.csv,,8.569738702694378e-20,Si
0.10033042331797266,0.027892471180043888,1.105536152655013,1.0467197010957534,1.1676575720775897,0.00032185506642942263,24548.0,6137.0,18411.0,7540.0,1846.0,5694.0,0.3007984357177774,0.3092716310901092,365.0,breslow,True,49.61479550268861,0.04155124653739612,1.2825484764542936,1.504603226332084,T;age_at_t0;sex_num;frailty;util_last30,BLD,CIRC,cox_results_patched\cox_cohort_DX_BLD_TO_CIRC_d14_h365.csv,,0.00053248080843103,Si
0.10025490588435777,0.012557989606052132,1.105452668554288,1.078575561719935,1.1329995280674736,1.4240703593192704e-15,81314.0,20329.0,60985.0,32553.0,8273.0,24280.0,0.4069555806975257,0.3981306878740674,365.0,breslow,True,53.91850111911848,0.04132129768551541,0.6297316575251494,1.9663280615884104,T;age_at_t0;sex_num;frailty;util_last30,NERV,MUSC,cox_results_patched\cox_cohort_DX_NERV_TO_MUSC_d14_h365.csv,,6.045581714091243e-15,Si
0.10002920010872039,0.013447019942827598,1.1052031896577745,1.0764547913924978,1.1347193585804236,1.0163214471823937e-13,129952.0,32488.0,97464.0,30004.0,7767.0,22237.0,0.2390728884511204,0.22815603710087828,365.0,breslow,True,52.55041861610441,0.01898393252893376,0.973136234917508,2.0881402363949766,T;age_at_t0;sex_num;frailty;prior_outcome_count;util_last30,DIGE,GEN,cox_results_patched\cox_cohort_DX_DIGE_TO_GEN_d14_h365.csv,,3.8112054269339764e-13,Si
0.10000896089090629,0.021829457709307786,1.1051808214360488,1.0588921539256841,1.1534929629441584,4.619257345139036e-06,32900.0,8225.0,24675.0,10932.0,3151.0,7781.0,0.3831003039513678,0.31533941236068896,365.0,breslow,True,50.7509726443769,0.03297872340425532,1.363161094224924,2.0590881458966566,T;age_at_t0;sex_num;frailty;util_last30,MENT,CIRC,cox_results_patched\cox_cohort_DX_MENT_TO_CIRC_d14_h365.csv,,9.197636306692771e-06,Si
0.09912232996057334,0.010487971879196612,1.1042013682070801,1.0817346446185059,1.1271347068489082,3.354537060651312e-21,153340.0,38335.0,115005.0,50645.0,12462.0,38183.0,0.3250815181948611,0.33201165166731883,365.0,breslow,True,52.18302465110212,0.021670796921872962,0.49070040433024653,1.525433676796661,T;age_at_t0;sex_num;frailty;util_last30,SUPP,DIGE,cox_results_patched\cox_cohort_DX_SUPP_TO_DIGE_d14_h365.csv,,2.1564881104187005e-20,Si
0.09542669632283003,0.0298632836440634,1.1001281756375,1.0375837164072934,1.166442749335139,0.0013961189231867454,86186.0,21547.0,64639.0,5668.0,1518.0,4150.0,0.07045064278089758,0.06420272590850724,365.0,breslow,True,54.91967372891189,0.03694335506926879,0.058675422922516415,2.2617826561158423,T;age_at_t0;sex_num;frailty;util_last30,NERV,INFE,cox_results_patched\cox_cohort_DX_NERV_TO_INFE_d14_h365.csv,,0.002122478092682552,Si
0.09130774409124433,0.02329399825215468,1.0956061196929838,1.0467095769702426,1.1467868412775994,8.862359151099079e-05,111800.0,27950.0,83850.0,9490.0,2498.0,6992.0,0.08937388193202146,0.08338700059630293,365.0,breslow,True,54.37412343470483,0.03430232558139535,0.09991949910554562,2.3919677996422184,T;age_at_t0;sex_num;frailty;util_last30,GEN,INJ,cox_results_patched\cox_cohort_DX_GEN_TO_INJ_d14_h365.csv,,0.0001557836569529135,Si
0.0911807821375186,0.014982579685834671,1.0954670282293626,1.0637654511318493,1.1281133530524203,1.1592078490263504e-09,58356.0,14589.0,43767.0,24296.0,5956.0,18340.0,0.40825279320035646,0.41903717412662506,365.0,breslow,True,53.89145931866475,0.03656864761121393,0.7370793063266845,2.7049660703269587,T;age_at_t0;sex_num;frailty;util_last30,SKIN,SUPP,cox_results_patched\cox_cohort_DX_SKIN_TO_SUPP_d14_h365.csv,,3.0684913650697514e-09,Si
0.08900091830547018,0.024787544885753836,1.0930816601087372,1.0412452267444252,1.1474986727207774,0.00032998097012331383,135864.0,33966.0,101898.0,8320.0,2233.0,6087.0,0.06574221280103633,0.059736206795030326,365.0,breslow,True,52.67755991285403,0.027498086321615732,0.054466230936819175,2.7689601366071956,T;age_at_t0;sex_num;frailty;util_last30,MUSC,INFE,cox_results_patched\cox_cohort_DX_MUSC_TO_INFE_d14_h365.csv,,0.0005419395494725956,Si
0.08826238854843076,0.02044238582020523,1.092274684800191,1.0493755913137028,1.1369275185463112,1.577229461420583e-05,160772.0,40193.0,120579.0,12900.0,3352.0,9548.0,0.08339760654840395,0.07918460096700089,365.0,breslow,True,53.24882442216306,0.023405816933296842,0.09471798571890627,1.870058219092877,T;age_at_t0;sex_num;frailty;util_last30,SUPP,INJ,cox_results_patched\cox_cohort_DX_SUPP_TO_INJ_d14_h365.csv,,3.0074290577934846e-05,Si
0.08778712996668794,0.01660032278022683,1.0917556952195138,1.0568053084163924,1.1278619520092446,1.2347289038864676e-07,57008.0,14252.0,42756.0,19834.0,4807.0,15027.0,0.3372859949480775,0.3514594442885209,365.0,breslow,True,53.33460216110019,0.03638085882683132,0.5750420993544766,2.6830971091776594,T;age_at_t0;sex_num;frailty;util_last30,SKIN,DIGE,cox_results_patched\cox_cohort_DX_SKIN_TO_DIGE_d14_h365.csv,,2.778140033744552e-07,Si
0.08697330875886747,0.010318503728577694,1.0908675627205349,1.069027163002192,1.113154165375871,3.490241872268991e-17,155022.0,38756.0,116266.0,61797.0,14664.0,47133.0,0.37836722055939725,0.40538936576471196,365.0,breslow,True,54.47626788455832,0.02416431216214473,0.6737946872056869,1.7379339706622285,T;age_at_t0;sex_num;frailty;util_last30,RESP,SUPP,cox_results_patched\cox_cohort_DX_RESP_TO_SUPP_d14_h365.csv,,1.6360508776260897e-16,Si
0.08622890800924557,0.01589128076559529,1.0900558222566967,1.056627252137012,1.1245419737495541,5.7573749403550755e-08,61068.0,15267.0,45801.0,21367.0,5237.0,16130.0,0.34302744481561537,0.35217571668740855,365.0,breslow,True,53.50361891661754,0.0422479858518373,0.6009039103949695,1.9123108665749655,T;age_at_t0;sex_num;frailty;util_last30,INJ,DIGE,cox_results_patched\cox_cohort_DX_INJ_TO_DIGE_d14_h365.csv,,1.3493847516457209e-07,Si
0.08462957353765127,0.020987713628859993,1.0883138517722328,1.044453367051697,1.1340162015109754,5.522447703536576e-05,160586.0,40147.0,120439.0,13148.0,3289.0,9859.0,0.08192392955887115,0.0818588663140677,365.0,breslow,True,54.91902781064352,0.02995902507067864,0.10013326192818801,2.074788586800842,T;age_at_t0;sex_num;frailty;util_last30,RESP,INJ,cox_results_patched\cox_cohort_DX_RESP_TO_INJ_d14_h365.csv,,0.00010269014324758096,Si
0.08169532918147583,0.01456528610727039,1.0851251534927226,1.0545850461912298,1.116549682735675,2.036088789449251e-08,62260.0,15565.0,46695.0,26015.0,6342.0,19673.0,0.4074526180533248,0.42130849127315556,365.0,breslow,True,54.45581432701574,0.04871506585287504,2.856633472534533,1.9635560552521683,T;age_at_t0;sex_num;frailty;prior_outcome_count;util_last30,INJ,SUPP,cox_results_patched\cox_cohort_DX_INJ_TO_SUPP_d14_h365.csv,,4.979564974196538e-08,Si
0.07730669843477685,0.02211012794078811,1.0803733744086177,1.0345544466167313,1.1282215565822944,0.00047151349855631213,132196.0,33049.0,99147.0,10561.0,2776.0,7785.0,0.08399649006021362,0.07851977366939998,365.0,breslow,True,53.042149535538144,0.02419891675996248,0.08425368392387061,2.2109443553511454,T;age_at_t0;sex_num;frailty;util_last30,DIGE,SKIN,cox_results_patched\cox_cohort_DX_DIGE_TO_SKIN_d14_h365.csv,,0.0007577895512512159,Si
0.0768373288127907,0.020227327384424263,1.0798663989550137,1.0378920353418657,1.1235382871089952,0.00014546340178906271,31536.0,7884.0,23652.0,12649.0,3286.0,9363.0,0.41679350583460173,0.3958650431253171,365.0,breslow,True,55.23370116692035,0.05774353120243531,0.6650177574835109,4.281646372399797,T;age_at_t0;sex_num;frailty;util_last30,NEOP,MUSC,cox_results_patched\cox_cohort_DX_NEOP_TO_MUSC_d14_h365.csv,,0.00025176358001953165,Si
0.07496741795054915,0.022726554391330447,1.0778490317820544,1.0308908912380823,1.1269461639323053,0.0009714381369587204,71594.0,17899.0,53695.0,10141.0,2899.0,7242.0,0.1619643555505894,0.13487289319303472,365.0,breslow,True,47.56985222225326,0.013478783138251809,0.19628739838533954,1.4159706120624633,T;age_at_t0;sex_num;frailty;util_last30,CIRC,NERV,cox_results_patched\cox_cohort_DX_CIRC_TO_NERV_d14_h365.csv,,0.0014970793206555623,Si
0.07396061553780257,0.015898769660347613,1.0767643968744207,1.0437281126047362,1.1108463520091199,3.2877730985975997e-06,53088.0,13272.0,39816.0,21683.0,5595.0,16088.0,0.4215641952983725,0.40405866988145467,365.0,breslow,True,55.15741787221218,0.056660638939119955,0.6236249246534057,2.162277727546715,T;age_at_t0;sex_num;frailty;util_last30,INFE,RESP,cox_results_patched\cox_cohort_DX_INFE_TO_RESP_d14_h365.csv,,6.604901314146963e-06,Si
0.07294198935354977,0.029135748180617354,1.0756681349008588,1.0159619756550202,1.1388831119344807,0.012296400202611876,160806.0,40202.0,120604.0,7273.0,1699.0,5574.0,0.04226157902591911,0.04621737255812411,365.0,breslow,True,54.84220738032163,0.03338805765954007,0.045489596159347286,2.0768441476064328,T;age_at_t0;sex_num;frailty;util_last30,RESP,BLD,cox_results_patched\cox_cohort_DX_RESP_TO_BLD_d14_h365.csv,,0.0167678184581071,Si
0.07194591538066694,0.012930405029596977,1.0745972233103493,1.0477052763833192,1.1021794185599063,2.6352648674613486e-08,133472.0,33368.0,100104.0,31214.0,8177.0,23037.0,0.2450551426516423,0.2301306641093263,365.0,breslow,True,52.15702918964277,0.01958463198273795,0.3186061496044114,1.8074877127787101,T;age_at_t0;sex_num;frailty;util_last30,MUSC,GEN,cox_results_patched\cox_cohort_DX_MUSC_TO_GEN_d14_h365.csv,,6.37564080837423e-08,Si
0.06994357406580567,0.012792312181931248,1.072447665685498,1.0458925567861912,1.099677006181615,4.561039043518923e-08,120917.0,30230.0,90687.0,35037.0,9829.0,25208.0,0.32514058881905394,0.2779670735607088,365.0,breslow,True,47.545456800946106,0.01850029358981781,1.182422653555745,1.5352183729334998,T;age_at_t0;sex_num;frailty;util_last30,MUSC,CIRC,cox_results_patched\cox_cohort_DX_MUSC_TO_CIRC_d14_h365.csv,,1.0917380689274017e-07,Si
0.06814904800903267,0.015440700312280856,1.0705248561867795,1.0386120716856337,1.1034182048873802,1.0166654286352943e-05,59412.0,14853.0,44559.0,23527.0,5459.0,18068.0,0.36753517807850267,0.4054848627662201,365.0,breslow,True,53.72751296034471,0.04426715141722211,0.655894432101259,2.0777620682690365,T;age_at_t0;sex_num;frailty;util_last30,SKIN,MUSC,cox_results_patched\cox_cohort_DX_SKIN_TO_MUSC_d14_h365.csv,,1.9551258242986426e-05,Si
0.06577539741401871,0.024376381865166448,1.0679868176249407,1.0181606233754092,1.1202513792365505,0.006968939514212772,26968.0,6742.0,20226.0,8646.0,2300.0,6346.0,0.3411450608128152,0.31375457332146744,365.0,breslow,True,50.71625630376743,0.02436220706021952,1.243770394541679,3.901512904182735,T;age_at_t0;sex_num;frailty;util_last30,NEOP,CIRC,cox_results_patched\cox_cohort_DX_NEOP_TO_CIRC_d14_h365.csv,,0.009739201184458842,Si
0.06559546892832596,0.02096944385719234,1.0677946736607102,1.024797834976851,1.1125955053602725,0.0017591314613942118,30064.0,7516.0,22548.0,12256.0,3190.0,9066.0,0.42442788717402874,0.40207557211282596,365.0,breslow,True,55.96231373070783,0.06499467802022352,0.6400345928685471,2.3962213943587014,T;age_at_t0;sex_num;frailty;util_last30,BLD,RESP,cox_results_patched\cox_cohort_DX_BLD_TO_RESP_d14_h365.csv,,0.002638697192091318,Si
0.06288831280149502,0.012814125770006745,1.0649078960096403,1.0384950795553012,1.09199248923672,9.213498722247361e-07,117902.0,29476.0,88426.0,34107.0,8572.0,25535.0,0.2908128647034876,0.28877253296541744,365.0,breslow,True,48.08574069990331,0.015283879832403183,1.130922291394548,1.524664551915998,T;age_at_t0;sex_num;frailty;util_last30,DIGE,CIRC,cox_results_patched\cox_cohort_DX_DIGE_TO_CIRC_d14_h365.csv,,1.9194789004682e-06,Si
0.062408252433283073,0.015489457195357645,1.0643967986215859,1.0325680135078612,1.0972067022171568,5.599571194958943e-05,158634.0,39659.0,118975.0,25859.0,5788.0,20071.0,0.14594417408406668,0.168699306577012,365.0,breslow,True,54.5925967951385,0.027780929687204508,0.24009985249063884,1.9544549087837413,T;age_at_t0;sex_num;frailty;util_last30,RESP,NERV,cox_results_patched\cox_cohort_DX_RESP_TO_NERV_d14_h365.csv,,0.00010327078023489855,Si
0.060587023187567,0.020701498921277973,1.0624600522078238,1.020213669542413,1.106455830026029,0.0034258201649038224,158650.0,39663.0,118987.0,14302.0,3180.0,11122.0,0.08017547840556691,0.09347239614411658,365.0,breslow,True,54.711421367790734,0.027488181531673494,0.1801827923101166,1.9958588086983926,T;age_at_t0;sex_num;frailty;util_last30,RESP,MENT,cox_results_patched\cox_cohort_DX_RESP_TO_MENT_d14_h365.csv,,0.00494108677630359,Si
0.059154719928748926,0.011951200800919971,1.0609393765070345,1.03637636688076,1.0860845505488452,7.43323939713268e-07,144596.0,36149.0,108447.0,42376.0,10178.0,32198.0,0.2815568895405129,0.2969007902477708,365.0,breslow,True,48.34429721430745,0.016335168331074165,1.1432197294530968,1.1205704168856676,T;age_at_t0;sex_num;frailty;util_last30,SUPP,CIRC,cox_results_patched\cox_cohort_DX_SUPP_TO_CIRC_d14_h365.csv,,1.5928370136712886e-06,Si
0.05771850674375692,0.015808684849100987,1.0594167350666048,1.0270940297417215,1.0927566376969597,0.0002611570079446962,68754.0,17189.0,51565.0,22037.0,6149.0,15888.0,0.35772878003374253,0.30811597013478137,365.0,breslow,True,47.00395613346132,0.011082991535037962,0.495520260639381,1.5719958111528056,T;age_at_t0;sex_num;frailty;util_last30,CIRC,DIGE,cox_results_patched\cox_cohort_DX_CIRC_TO_DIGE_d14_h365.csv,,0.0004418069683274936,Si
0.05663037465144339,0.011086122839944382,1.0582645766819843,1.0355177817914485,1.081511041097168,3.2520473110419954e-07,153418.0,38355.0,115063.0,51201.0,11835.0,39366.0,0.30856472428627296,0.34212561813962783,365.0,breslow,True,53.7926579671225,0.0288232150073655,0.52434525283865,1.7145185049994134,T;age_at_t0;sex_num;frailty;util_last30,RESP,DIGE,cox_results_patched\cox_cohort_DX_RESP_TO_DIGE_d14_h365.csv,,7.173633774357343e-07,Si
0.055750720123285386,0.026567832023644107,1.057334078773467,1.0036845406492034,1.1138513236565548,0.035867229405150844,135364.0,33841.0,101523.0,7258.0,1877.0,5381.0,0.055465264028840756,0.05300276784570984,365.0,breslow,True,52.47884223279454,0.028486155846458437,0.25360509441210366,2.56325906444845,T;age_at_t0;sex_num;frailty;util_last30,MUSC,NEOP,cox_results_patched\cox_cohort_DX_MUSC_TO_NEOP_d14_h365.csv,,0.04747133303622905,Si
0.05312610244229651,0.015009157459401118,1.054562619656866,1.0239914262933565,1.0860465138884405,0.00040076540678144726,59556.0,14889.0,44667.0,24266.0,6195.0,18071.0,0.41607898448519043,0.40457160767456957,365.0,breslow,True,55.07020283430721,0.047400765665927866,0.6229263214453623,2.16226744576533,T;age_at_t0;sex_num;frailty;util_last30,SKIN,RESP,cox_results_patched\cox_cohort_DX_SKIN_TO_RESP_d14_h365.csv,,0.0006487209822001844,Si
0.04993427180673005,0.0199927555848145,1.0512020004970208,1.0108064431918757,1.0932119134099918,0.012503074667941155,31880.0,7970.0,23910.0,13088.0,3354.0,9734.0,0.42082810539523213,0.4071099958176495,365.0,breslow,True,56.51301756587202,0.03779799247176913,0.6255332496863237,4.314585947302384,T;age_at_t0;sex_num;frailty;util_last30,NEOP,RESP,cox_results_patched\cox_cohort_DX_NEOP_TO_RESP_d14_h365.csv,,0.016946938555944337,Si
0.04935679615561452,0.014469254093797733,1.0505951321800329,1.0212190473412392,1.0808162407800879,0.0006468949232964974,62702.0,15676.0,47026.0,24902.0,6402.0,18500.0,0.40839499872416435,0.39339939607876495,365.0,breslow,True,54.7220503333227,0.053315683710248474,0.6106822748875634,2.235462983636886,T;age_at_t0;sex_num;frailty;util_last30,ENDO,RESP,cox_results_patched\cox_cohort_DX_ENDO_TO_RESP_d14_h365.csv,,0.0010178416625294538,Si
0.048795345476520556,0.0101045348755829,1.050005440386537,1.0294147708470187,1.0710079708047728,1.3718314374630153e-06,132304.0,33076.0,99228.0,51426.0,13241.0,38185.0,0.4003204740597412,0.3848208167049623,365.0,breslow,True,53.18840700205587,0.025139073648566938,0.569748458096505,2.438021526182126,T;age_at_t0;sex_num;frailty;util_last30,MUSC,RESP,cox_results_patched\cox_cohort_DX_MUSC_TO_RESP_d14_h365.csv,,2.831762141552096e-06,Si
0.04641166762952914,0.016374455313676713,1.047505546333787,1.0144207249250081,1.0816694125419826,0.004591260130525862,53160.0,13290.0,39870.0,21153.0,4845.0,16308.0,0.36455981941309257,0.4090293453724605,365.0,breslow,True,53.80643340857788,0.045391271632806623,0.6519939804364183,2.104288939051919,T;age_at_t0;sex_num;frailty;util_last30,INFE,MUSC,cox_results_patched\cox_cohort_DX_INFE_TO_MUSC_d14_h365.csv,,0.006497066222442257,Si
0.04471187255519463,0.011106066963959034,1.045726513989346,1.0232092190974127,1.068739336638249,5.675872929155399e-05,107776.0,26944.0,80832.0,42640.0,10513.0,32127.0,0.39017963182897863,0.3974539786223278,365.0,breslow,True,53.422830685866984,0.04044499703087886,0.6410796466745843,2.136765142517815,T;age_at_t0;sex_num;frailty;util_last30,GEN,MUSC,cox_results_patched\cox_cohort_DX_GEN_TO_MUSC_d14_h365.csv,,0.00010382694382601339,Si
0.04346525674493564,0.015364558786194518,1.0444237070024125,1.0134402403432596,1.076354417680506,0.004670395618193376,70998.0,17750.0,53248.0,21840.0,5581.0,16259.0,0.3144225352112676,0.3053448016826923,365.0,breslow,True,49.55771993577284,0.02131045944956196,1.2710358038254599,1.328023324600693,T;age_at_t0;sex_num;frailty;util_last30,NERV,CIRC,cox_results_patched\cox_cohort_DX_NERV_TO_CIRC_d14_h365.csv,,0.006567743838084434,Si
0.04151979023958739,0.01042109043168735,1.042393790870212,1.021318513672806,1.0639039640408143,6.770559600357228e-05,128147.0,32037.0,96110.0,49924.0,12738.0,37186.0,0.3976027717951119,0.3869108313390906,365.0,breslow,True,53.46029949979321,0.01804178014311689,0.5593654162797412,1.6922284563821237,T;age_at_t0;sex_num;frailty;util_last30,DIGE,RESP,cox_results_patched\cox_cohort_DX_DIGE_TO_RESP_d14_h365.csv,,0.0001218700728064301,Si
0.04094517680213077,0.013544186745527802,1.0417949894470047,1.0145027295130447,1.0698214686498082,0.002502150653335477,95544.0,23886.0,71658.0,28918.0,7087.0,21831.0,0.2967009963995646,0.30465544670518296,365.0,breslow,True,49.06384493008457,0.017928912333584526,1.244295821820313,1.52167587708281,T;age_at_t0;sex_num;frailty;util_last30,GEN,CIRC,cox_results_patched\cox_cohort_DX_GEN_TO_CIRC_d14_h365.csv,,0.0036796333137286428,Si
0.03488039656854048,0.014271532480946907,1.0354958525357285,1.0069321095122878,1.0648698660906197,0.014523251087190351,154718.0,38680.0,116038.0,30321.0,6480.0,23841.0,0.16752843846949328,0.20545855667970836,365.0,breslow,True,53.71299396321049,0.03048126268436769,0.6450380692614951,1.708204604506263,T;age_at_t0;sex_num;frailty;prior_outcome_count;util_last30,RESP,ENDO,cox_results_patched\cox_cohort_DX_RESP_TO_ENDO_d14_h365.csv,,0.019450782706058507,Si
0.02481540933704108,0.010032908845612693,1.025125874393661,1.0051641967328009,1.0454839734315775,0.013383378305121794,157470.0,39368.0,118102.0,61415.0,13407.0,48008.0,0.34055578134525505,0.40649607965995493,365.0,breslow,True,54.11224995237188,0.031275798564805994,0.6119260811583158,2.6582904680256556,T;age_at_t0;sex_num;frailty;util_last30,RESP,MUSC,cox_results_patched\cox_cohort_DX_RESP_TO_MUSC_d14_h365.csv,,0.018031497716481458,Si
-0.05229171788431663,0.009784033244971457,0.9490519710240284,0.9310256760870816,0.967427286742571,9.061827767396208e-08,156620.0,39155.0,117465.0,61525.0,15181.0,46344.0,0.38771548972034225,0.39453454220406076,365.0,breslow,True,53.8483527008045,0.0271165879198059,0.7036649214659686,1.861875877921083,T;age_at_t0;sex_num;frailty;prior_outcome_count;util_last30,SUPP,RESP,cox_results_patched\cox_cohort_DX_SUPP_TO_RESP_d14_h365.csv,,2.059506310771865e-07,Si
-0.06239868495091967,0.02059403263014951,0.9395082443156193,0.9023408129225757,0.9782066027559305,0.0024460225834341577,47316.0,11829.0,35487.0,14347.0,2873.0,11474.0,0.24287767351424466,0.32332967002000734,365.0,breslow,True,49.21641727956717,0.028193422943613156,1.2100980640798038,1.4512638430974723,T;age_at_t0;sex_num;frailty;util_last30,INFE,CIRC,cox_results_patched\cox_cohort_DX_INFE_TO_CIRC_d14_h365.csv,,0.003620757113636089,Si
-0.06240736159098874,0.018758460073392637,0.9395000925761063,0.9055851738178191,0.9746851532797747,0.0008782055677942185,55432.0,13858.0,41574.0,16865.0,3603.0,13262.0,0.2599942271612065,0.31899745032953286,365.0,breslow,True,49.478027132342326,0.017715399047481598,1.242838071871843,1.3879888872853225,T;age_at_t0;sex_num;frailty;util_last30,INJ,CIRC,cox_results_patched\cox_cohort_DX_INJ_TO_CIRC_d14_h365.csv,,0.0013627327776117183,Si
-0.09433303098702045,0.031528684994202465,0.9099796603479529,0.8554486134328628,0.9679868191310869,0.00277179142099164,72895.0,18224.0,54671.0,6074.0,1433.0,4641.0,0.07863257243195786,0.08488961240877248,365.0,breslow,True,47.84200562452843,0.011468550655051786,0.39466355717127377,1.7789971877357844,T;age_at_t0;sex_num;frailty;prior_outcome_count;util_last30,CIRC,SKIN,cox_results_patched\cox_cohort_DX_CIRC_TO_SKIN_d14_h365.csv,,0.004040167177625874,Si
1.053040174035454,0.7628647471142189,2.8663520943340783,0.6426373374247148,12.784775876262966,0.16747091144986737,63220.0,15805.0,47415.0,14.0,8.0,6.0,0.000506168933881683,0.00012654223347042075,365.0,breslow,True,54.652151217969,0.0439259727934198,0.00012654223347042075,3.092708003796267,T;age_at_t0;sex_num,SKIN,PERI,cox_results_patched\cox_cohort_DX_SKIN_TO_PERI_d14_h365.csv,,0.20590685834000086,No
0.6350076568688595,0.45406957143747023,1.8870365901951258,0.7749407507870955,4.595070125191492,0.1619686819182976,66697.0,16675.0,50022.0,17.0,7.0,10.0,0.0004197901049475262,0.00019991203870297068,365.0,breslow,True,54.162675982428,0.06468057034049507,0.00017991813724755237,2.4420288768610283,T;age_at_t0;sex_num,ENDO,PERI,cox_results_patched\cox_cohort_DX_ENDO_TO_PERI_d14_h365.csv,,0.20023600786602727,No
0.44147903802424654,0.41966185664538413,1.5550054306806744,0.6831381291401244,3.539609028250279,0.2928052730583971,86670.0,21668.0,65002.0,18.0,7.0,11.0,0.0003230570426435296,0.00016922556229039107,365.0,breslow,True,54.89301949925003,0.04570208838121611,0.00026537440867658934,2.3130148840429214,T;age_at_t0;sex_num;frailty;util_last30,NERV,PERI,cox_results_patched\cox_cohort_DX_NERV_TO_PERI_d14_h365.csv,,0.3431311793653091,No
0.2879870439434006,0.4392274929035486,1.3337400240002037,0.5638884435639124,3.1546354104673964,0.5120383015515928,73455.0,18364.0,55091.0,26.0,6.0,20.0,0.000326726203441516,0.00036303570456154365,365.0,breslow,True,47.85822612483834,0.011884827445374719,0.00020420665713702266,1.8174937036280716,T;age_at_t0;sex_num,CIRC,PERI,cox_results_patched\cox_cohort_DX_CIRC_TO_PERI_d14_h365.csv,,0.5673202890215603,No
0.2733922144008818,0.9403635577421378,1.314415676495336,0.20810336850218222,8.302069221904857,0.7712575674389646,34192.0,8548.0,25644.0,6.0,2.0,4.0,0.0002339728591483388,0.00015598190609889253,365.0,breslow,True,56.40948175011699,0.06463500233972859,8.773982218062704e-05,4.439664248947122,T;age_at_t0;sex_num;frailty;util_last30,NEOP,PERI,cox_results_patched\cox_cohort_DX_NEOP_TO_PERI_d14_h365.csv,,0.7996910261463919,No
0.2660502078647898,0.48115588235653584,1.3048005682928758,0.5081313399792221,3.3505206017936784,0.5803046750117411,42036.0,10509.0,31527.0,20.0,6.0,14.0,0.0005709391949757351,0.00044406381831446065,365.0,breslow,True,56.373465600913505,0.054239223522694835,0.000594728328099724,2.448401370254068,T;age_at_t0;sex_num,MENT,PERI,cox_results_patched\cox_cohort_DX_MENT_TO_PERI_d14_h365.csv,,0.6247299132901518,No
0.21350313407290425,0.6658377430801529,1.2380073782673853,0.3356995074049079,4.565577949436329,0.7484730676594622,32596.0,8149.0,24447.0,13.0,5.0,8.0,0.0006135722174499938,0.0003272385159733301,365.0,breslow,True,56.005828936065775,0.07875199410970671,9.203583261749909e-05,2.6797459811019757,T;age_at_t0;sex_num;frailty;prior_outcome_count;util_last30,BLD,PERI,cox_results_patched\cox_cohort_DX_BLD_TO_PERI_d14_h365.csv,,0.7796594454786065,No
0.1260568778804437,0.10006116708466897,1.134346685683371,0.9323350719900393,1.3801287133544577,0.20774217039109988,5864.0,1466.0,4398.0,503.0,134.0,369.0,0.09140518417462483,0.08390177353342429,365.0,breslow,True,55.83645975443383,0.041268758526603,0.10760572987721692,6.325545702592088,T;age_at_t0;sex_num;frailty;util_last30,CONG,INJ,cox_results_patched\cox_cohort_DX_CONG_TO_INJ_d14_h365.csv,,0.249957156887687,No
0.12482099254468482,0.07971772369287816,1.1329456291997821,0.9690629106829723,1.3245433135174516,0.11739844036078018,132820.0,33205.0,99615.0,810.0,220.0,590.0,0.006625508206595392,0.005922802790744365,365.0,breslow,True,52.832720975756665,0.03187772925764192,0.005503689203433218,1.8834889323897004,T;age_at_t0;sex_num;frailty;util_last30,DIGE,CONG,cox_results_patched\cox_cohort_DX_DIGE_TO_CONG_d14_h365.csv,,0.14674805045097522,No
0.09485783923182099,0.06947731587329675,1.0995025378898757,0.9595242407827369,1.2599012921654866,0.17215669949951817,5300.0,1325.0,3975.0,1114.0,276.0,838.0,0.20830188679245282,0.21081761006289307,365.0,breslow,True,53.817358490566036,0.0330188679245283,0.5366037735849056,2.100188679245283,T;age_at_t0;sex_num;frailty;util_last30,CONG,ENDO,cox_results_patched\cox_cohort_DX_CONG_TO_ENDO_d14_h365.csv,,0.2105177031923456,No
0.08809343229643818,0.08254708898913748,1.0920901537525767,0.9289513941763462,1.2838786952688717,0.2858860232249385,112400.0,28100.0,84300.0,749.0,198.0,551.0,0.007046263345195729,0.0065361803084223015,365.0,breslow,True,54.37229537366548,0.031423487544483986,0.006343416370106761,2.4361743772241993,T;age_at_t0;sex_num;frailty;util_last30,GEN,CONG,cox_results_patched\cox_cohort_DX_GEN_TO_CONG_d14_h365.csv,,0.3385492380295324,No
0.07631580224810194,0.09416593562388746,1.0793033667725254,0.8974037276866748,1.2980732323559363,0.4176875718056673,5732.0,1433.0,4299.0,589.0,149.0,440.0,0.10397766922540126,0.10234938357757618,365.0,breslow,True,55.31664340544312,0.042219120725750174,0.20115143056524773,2.428122819260293,T;age_at_t0;sex_num;frailty;util_last30,CONG,MENT,cox_results_patched\cox_cohort_DX_CONG_TO_MENT_d14_h365.csv,,0.4698985182813757,No
0.06924177070390977,0.03574616506572884,1.0716952823517198,0.9991796238677361,1.149473779067943,0.05274038859406,72631.0,18158.0,54473.0,3886.0,1147.0,2739.0,0.06316774975217535,0.05028179097901713,365.0,breslow,True,47.59444314411202,0.01151023667579959,0.09531742644325426,1.7674684363426085,T;age_at_t0;sex_num,CIRC,NEOP,cox_results_patched\cox_cohort_DX_CIRC_TO_NEOP_d14_h365.csv,,0.0685929909460318,No
0.06491922119574921,0.10604253577679454,1.0670728240358849,0.866819815615291,1.3135883505243584,0.5404055614089003,68164.0,17041.0,51123.0,475.0,119.0,356.0,0.006983158265360014,0.006963597597950042,365.0,breslow,True,55.033815503784986,0.04995305439821607,0.006865794260900182,2.4039815738512997,T;age_at_t0;sex_num;frailty;util_last30,INJ,CONG,cox_results_patched\cox_cohort_DX_INJ_TO_CONG_d14_h365.csv,,0.5902487928009833,No
0.05234995551085245,0.10620722267846687,1.0537444416698436,0.855716455799064,1.2975996205579865,0.6220804832111103,66621.0,16656.0,49965.0,461.0,122.0,339.0,0.007324687800192123,0.006784749324527169,365.0,breslow,True,54.21509734167905,0.06502454181114063,0.006469431560619024,2.438210173969169,T;age_at_t0;sex_num;frailty;util_last30,ENDO,CONG,cox_results_patched\cox_cohort_DX_ENDO_TO_CONG_d14_h365.csv,,0.6665148034404753,No
0.0505157208496004,0.080316513396483,1.0518133986252762,0.8986113556247501,1.2311344816675533,0.5293764942230945,136160.0,34040.0,102120.0,871.0,225.0,646.0,0.006609870740305523,0.006325891108499804,365.0,breslow,True,52.510671269095184,0.025367215041128086,0.006007638072855464,1.9720402467685076,T;age_at_t0;sex_num;frailty;util_last30,MUSC,CONG,cox_results_patched\cox_cohort_DX_MUSC_TO_CONG_d14_h365.csv,,0.581022981464372,No
0.04832108374300555,0.023703751572838886,1.049507581053326,1.0018634647567402,1.0994174370415315,0.04149579850919005,161380.0,40345.0,121035.0,9797.0,2570.0,7227.0,0.06370058247614327,0.059710001239310945,365.0,breslow,True,53.285896641467346,0.02632916098649151,0.05482091956871979,1.891554095922667,T;age_at_t0;sex_num;frailty;util_last30,SUPP,INFE,cox_results_patched\cox_cohort_DX_SUPP_TO_INFE_d14_h365.csv,,0.05428229456144048,No
0.04375479919489731,0.03449841981992879,1.044726155785104,0.9764203452743899,1.1178103220235596,0.20468614614606673,66273.0,16569.0,49704.0,4350.0,1133.0,3217.0,0.0683807109662623,0.06472316111379366,365.0,breslow,True,54.33117559186999,0.05632761456400042,0.059994266141565944,2.4247732862553377,T;age_at_t0;sex_num;frailty;util_last30,ENDO,INFE,cox_results_patched\cox_cohort_DX_ENDO_TO_INFE_d14_h365.csv,,0.24760420904766137,No
0.04025696674141539,0.020915944803369516,1.0410782623117658,0.9992619873921793,1.0846444295220756,0.0542666145668245,62584.0,15646.0,46938.0,12452.0,2873.0,9579.0,0.18362520772082322,0.20407771954493162,365.0,breslow,True,53.470727342451745,0.04280646810686437,0.515658954365333,1.9183018023776044,T;age_at_t0;sex_num;frailty;util_last30,INJ,ENDO,cox_results_patched\cox_cohort_DX_INJ_TO_ENDO_d14_h365.csv,,0.0701723464226179,No
0.04002903866875477,0.02144606204050958,1.0408409983905296,0.9979967662257881,1.085524543358586,0.06197167954347244,29656.0,7414.0,22242.0,11763.0,3002.0,8761.0,0.40490963042891825,0.39389443395378115,365.0,breslow,True,54.72467628810359,0.08514297275424872,0.6891354194766658,2.2893849473968166,T;age_at_t0;sex_num;frailty;util_last30,BLD,MUSC,cox_results_patched\cox_cohort_DX_BLD_TO_MUSC_d14_h365.csv,,0.07967787369875028,No
0.037272042203214416,0.02196254683765463,1.0379753555355415,0.9942420910667545,1.0836322947695405,0.0896828862949508,135620.0,33905.0,101715.0,10773.0,2745.0,8028.0,0.0809615101017549,0.07892641203362336,365.0,breslow,True,52.6599837782038,0.02922135378262793,0.08436071375903259,1.9520940864179324,T;age_at_t0;sex_num;frailty;util_last30,MUSC,SKIN,cox_results_patched\cox_cohort_DX_MUSC_TO_SKIN_d14_h365.csv,,0.1133631989683367,No
0.028113949239737777,0.037717873563153786,1.0285128760046336,0.9552204925072629,1.1074288548089117,0.4560452253021493,41668.0,10417.0,31251.0,3693.0,952.0,2741.0,0.09138907554958241,0.08770919330581421,365.0,breslow,True,56.43129019871364,0.04000671978496688,0.09446097724872804,2.401291158682922,T;age_at_t0;sex_num;frailty;util_last30,MENT,SKIN,cox_results_patched\cox_cohort_DX_MENT_TO_SKIN_d14_h365.csv,,0.5104983865322567,No
0.026705153741206508,0.061884380558318866,1.0270649318628098,0.9097474621074159,1.1595112030527526,0.6660808473863611,4640.0,1160.0,3480.0,1467.0,350.0,1117.0,0.3017241379310345,0.3209770114942529,365.0,breslow,True,49.839008620689654,0.023491379310344826,1.2605603448275862,1.5120689655172415,T;age_at_t0;sex_num;frailty;util_last30,CONG,CIRC,cox_results_patched\cox_cohort_DX_CONG_TO_CIRC_d14_h365.csv,,0.706925427650619,No
0.025642892860574043,0.0309308698203655,1.0259745002277938,0.9656231719854287,1.0900977789849011,0.40708242188482757,61256.0,15314.0,45942.0,5704.0,1305.0,4399.0,0.08521614209220321,0.09575116451177572,365.0,breslow,True,54.520030690871096,0.04246114666318401,0.1768479822384746,2.9787449392712553,T;age_at_t0;sex_num;frailty;util_last30,SKIN,MENT,cox_results_patched\cox_cohort_DX_SKIN_TO_MENT_d14_h365.csv,,0.46026906997028244,No
0.02354052837749436,0.020623819606355717,1.023819793660887,0.9832595470294817,1.0660531830670261,0.25369340691621844,161068.0,40267.0,120801.0,12794.0,3217.0,9577.0,0.07989172275063948,0.07927914504019007,365.0,breslow,True,53.27606352596419,0.031688479400004965,0.08164874462959744,1.883024561054958,T;age_at_t0;sex_num;frailty;util_last30,SUPP,SKIN,cox_results_patched\cox_cohort_DX_SUPP_TO_SKIN_d14_h365.csv,,0.3020159606145458,No
0.02191602079967729,0.01826405150888761,1.022157940859473,0.986214383865789,1.0594114962779355,0.23015722444006848,65540.0,16385.0,49155.0,16430.0,3907.0,12523.0,0.23844980164784865,0.2547655375851897,365.0,breslow,True,54.626441867561795,0.03928898382667074,1.6819652120842234,2.8821330485199876,T;age_at_t0;sex_num;frailty;prior_outcome_count;util_last30,INJ,GEN,cox_results_patched\cox_cohort_DX_INJ_TO_GEN_d14_h365.csv,,0.2754541249947628,No
0.01978440854454881,0.10280790865087762,1.019981417042616,0.8338355382507504,1.2476825985310862,0.8473971464226235,73387.0,18347.0,55040.0,506.0,125.0,381.0,0.006813102959611926,0.006922238372093023,365.0,breslow,True,47.71340973196888,0.015847493425266056,0.0066633054900731735,1.502677585948465,T;age_at_t0;sex_num,CIRC,CONG,cox_results_patched\cox_cohort_DX_CIRC_TO_CONG_d14_h365.csv,,0.8746071465371115,No
0.016560653475658518,0.012658722351358894,1.0166985412161773,0.991783499158093,1.042239485319701,0.19079174342302585,158402.0,39601.0,118801.0,38279.0,8675.0,29604.0,0.21906012474432462,0.24918982163449802,365.0,breslow,True,54.47408492317016,0.033768513023825455,0.324295147788538,1.9540283582278002,T;age_at_t0;sex_num;frailty;util_last30,RESP,GEN,cox_results_patched\cox_cohort_DX_RESP_TO_GEN_d14_h365.csv,,0.23204401227124763,No
0.01622994421848686,0.018020354313210838,1.0163623651881704,0.9810911088974605,1.0529016602053989,0.3677770351840588,39340.0,9835.0,29505.0,16174.0,4077.0,12097.0,0.41453990849008643,0.40999830537197085,365.0,breslow,True,56.472267412303,0.03502796136248094,0.6365277071682766,2.1601677681748854,T;age_at_t0;sex_num;frailty;util_last30,MENT,RESP,cox_results_patched\cox_cohort_DX_MENT_TO_RESP_d14_h365.csv,,0.42004991328128544,No
0.015070090400833541,0.023111944394555804,1.0151842167908223,0.970223015899278,1.0622289691468063,0.514370395379548,52912.0,13228.0,39684.0,10524.0,2335.0,8189.0,0.17651950408224978,0.2063552061284145,365.0,breslow,True,53.27445570003024,0.04707816752343514,0.5064635621409133,1.9542447837919565,T;age_at_t0;sex_num;frailty;util_last30,INFE,ENDO,cox_results_patched\cox_cohort_DX_INFE_TO_ENDO_d14_h365.csv,,0.5673202890215603,No
0.01296472739150808,0.021756602666210042,1.0130491338441245,0.9707578597442342,1.057182836359133,0.5512430200829193,160550.0,40138.0,120412.0,12976.0,3211.0,9765.0,0.07999900343813843,0.08109656844832741,365.0,breslow,True,54.976524447212704,0.02962939894113983,0.08180629087511679,2.0808221737776393,T;age_at_t0;sex_num;frailty;util_last30,RESP,SKIN,cox_results_patched\cox_cohort_DX_RESP_TO_SKIN_d14_h365.csv,,0.5991771957423035,No
0.01110260101405858,0.0120014202328189,1.0111644636220012,0.9876566294903925,1.0352318224396786,0.3549101158747624,144466.0,36117.0,108349.0,45940.0,9431.0,36509.0,0.26112357061771463,0.3369574246185936,365.0,breslow,True,50.0419337421954,0.015609209087259285,1.2833331025985353,2.276549499536223,T;age_at_t0;sex_num;frailty;util_last30,RESP,CIRC,cox_results_patched\cox_cohort_DX_RESP_TO_CIRC_d14_h365.csv,,0.40951167216318735,No
0.010408458436881804,0.0098565533500694,1.0104628148655843,0.9911291937167569,1.0301735704072799,0.29097108408304795,157196.0,39299.0,117897.0,59724.0,13704.0,46020.0,0.348711163133922,0.39034072113794244,365.0,breslow,True,52.41721799536884,0.02228428204280007,0.5567698923636734,1.6612445609303035,T;age_at_t0;sex_num;frailty;util_last30,SUPP,MUSC,cox_results_patched\cox_cohort_DX_SUPP_TO_MUSC_d14_h365.csv,,0.3427669838674649,No
0.010311375788043014,0.01099814489557372,1.0103647212206364,0.9888180003496686,1.0323809533465849,0.3484726765392475,108012.0,27003.0,81009.0,43682.0,11000.0,32682.0,0.40736214494685774,0.40343665518646077,365.0,breslow,True,54.74839832611191,0.029941117653594047,0.6066548161315409,2.2149668555345703,T;age_at_t0;sex_num;frailty;util_last30,GEN,RESP,cox_results_patched\cox_cohort_DX_GEN_TO_RESP_d14_h365.csv,,0.40415645474912726,No
0.008554468101821637,1.2235380106506826,1.0085911621220505,0.09166817342331465,11.09715721740324,0.9944215689599536,5960.0,1490.0,4470.0,4.0,1.0,3.0,0.0006711409395973154,0.0006711409395973154,365.0,breslow,True,55.854026845637584,0.030033557046979867,0.0003355704697986577,2.611912751677852,T;age_at_t0;sex_num,CONG,PERI,cox_results_patched\cox_cohort_DX_CONG_TO_PERI_d14_h365.csv,,0.9944215689599536,No
0.002539365424718145,0.014389296171614052,1.0025425923439626,0.9746628573930831,1.0312198129228571,0.8599200023435855,64212.0,16053.0,48159.0,25964.0,6451.0,19513.0,0.4018563508378496,0.4051786789592807,365.0,breslow,True,55.39109512240703,0.04823086027533794,0.6180776178907369,2.1591135613281005,T;age_at_t0;sex_num;frailty;util_last30,INJ,RESP,cox_results_patched\cox_cohort_DX_INJ_TO_RESP_d14_h365.csv,,0.8794636387604851,No
-0.0007896907239341196,0.034287683812271104,0.9992106209997251,0.934266498646186,1.0686692357752692,0.9816252873576575,73099.0,18275.0,54824.0,4901.0,1198.0,3703.0,0.06555403556771545,0.06754341164453524,365.0,breslow,True,47.81631759668395,0.015732089358267556,0.06054802391277583,1.4927563988563455,T;age_at_t0;sex_num;frailty;util_last30,CIRC,INFE,cox_results_patched\cox_cohort_DX_CIRC_TO_INFE_d14_h365.csv,,0.98600754310479,No
-0.004382745388918506,0.012495014176763066,0.9956268448240507,0.971539868253105,1.0203109996058841,0.7257687555200933,81838.0,20460.0,61378.0,33346.0,8370.0,24976.0,0.4090909090909091,0.40692104662908535,365.0,breslow,True,55.114518927637526,0.035399203304088564,0.8765854493022801,2.3121532784281142,T;age_at_t0;sex_num;frailty;prior_outcome_count;util_last30,NERV,RESP,cox_results_patched\cox_cohort_DX_NERV_TO_RESP_d14_h365.csv,,0.7595254418233535,No
-0.004713053093743162,0.12065826675499836,0.9952980359131229,0.7856819156465872,1.2608387192891897,0.9688416190185554,57396.0,14349.0,43047.0,428.0,106.0,322.0,0.007387274374520873,0.0074801960647664185,365.0,breslow,True,54.78359119102377,0.04585685413617674,0.00834552930517806,3.5772353474109693,T;age_at_t0;sex_num;frailty;util_last30,INFE,CONG,cox_results_patched\cox_cohort_DX_INFE_TO_CONG_d14_h365.csv,,0.9819340733296169,No
-0.005391715957577853,0.014341029699456392,0.9946227932546764,0.9670547814830928,1.022976691500936,0.7069433970075023,70102.0,17526.0,52576.0,27929.0,6879.0,21050.0,0.3925025676138309,0.40037279367011563,365.0,breslow,True,48.381130352914326,0.01138341274143391,0.6174716841174289,2.555818664232119,T;age_at_t0;sex_num;frailty;util_last30,CIRC,RESP,cox_results_patched\cox_cohort_DX_CIRC_TO_RESP_d14_h365.csv,,0.743281609003215,No
-0.005423994795256441,0.02992249276081841,0.9945906885051363,0.9379373899981976,1.0546659598067862,0.8561571073930606,135756.0,33939.0,101817.0,5916.0,1499.0,4417.0,0.044167476943928814,0.043381753538210714,365.0,breslow,True,52.55940068947229,0.026252983293556086,0.04676036418279855,3.081749609593683,T;age_at_t0;sex_num;frailty;util_last30,MUSC,BLD,cox_results_patched\cox_cohort_DX_MUSC_TO_BLD_d14_h365.csv,,0.8794636387604851,No
-0.008380511090400965,0.01870502489087882,0.9916545074998259,0.955956986755502,1.0286850515966086,0.6541277341678547,71339.0,17835.0,53504.0,16713.0,4453.0,12260.0,0.2496776002242781,0.22914174641148324,365.0,breslow,True,47.459776559805995,0.010092656190863343,1.5371956433367442,2.014396052650023,T;age_at_t0;sex_num;frailty;prior_outcome_count;util_last30,CIRC,GEN,cox_results_patched\cox_cohort_DX_CIRC_TO_GEN_d14_h365.csv,,0.6975295743496082,No
-0.01454565181527506,0.01964880673113794,0.9855596251194216,0.9483256595283466,1.0242555022170639,0.45912908986788137,52028.0,13007.0,39021.0,15612.0,3290.0,12322.0,0.2529407242254171,0.3157786832731094,365.0,breslow,True,49.04018989774737,0.025313292842315677,1.2452525563158299,2.2066771738294766,T;age_at_t0;sex_num;frailty;util_last30,SKIN,CIRC,cox_results_patched\cox_cohort_DX_SKIN_TO_CIRC_d14_h365.csv,,0.5114061644567985,No
-0.014973066979472295,0.01548394367607125,0.9851384720004512,0.9556900857394993,1.0154942731925765,0.33354101677019676,69563.0,17391.0,52172.0,23984.0,6867.0,17117.0,0.3948594100396757,0.32808786322165145,365.0,breslow,True,46.87016086137746,0.015971134079898797,0.5288587323720944,2.559636588416256,T;age_at_t0;sex_num;frailty;util_last30,CIRC,MUSC,cox_results_patched\cox_cohort_DX_CIRC_TO_MUSC_d14_h365.csv,,0.3888431542657734,No
-0.023989745069968163,0.026488645580073966,0.976295721550889,0.9269019499154977,1.0283216428722224,0.36511507463363346,160394.0,40099.0,120295.0,9008.0,1923.0,7085.0,0.047956308137360036,0.05889687850700362,365.0,breslow,True,54.77282816065439,0.02948364652044341,0.0986009451725127,2.1853061835230743,T;age_at_t0;sex_num,RESP,NEOP,cox_results_patched\cox_cohort_DX_RESP_TO_NEOP_d14_h365.csv,,0.41913720302330376,No
-0.0310266244957681,1.08210513965287,0.9694497616213433,0.11625692130082331,8.08410226067997,0.9771258150537515,57440.0,14360.0,43080.0,4.0,1.0,3.0,6.963788300835655e-05,6.963788300835655e-05,365.0,breslow,True,54.92926532033426,0.059261838440111424,0.00015668523676880223,2.4696727019498605,T;age_at_t0;sex_num,INFE,PERI,cox_results_patched\cox_cohort_DX_INFE_TO_PERI_d14_h365.csv,,0.9858892752784489,No
-0.042161887722710616,0.3912327150072923,0.9587145638915081,0.4453129395005264,2.064017308925734,0.9141806995699249,136228.0,34057.0,102171.0,29.0,7.0,22.0,0.00020553777490677394,0.0002153252879975727,365.0,breslow,True,52.636939542531636,0.02949467069912206,0.00011745015708958511,2.1423275684881227,T;age_at_t0;sex_num,MUSC,PERI,cox_results_patched\cox_cohort_DX_MUSC_TO_PERI_d14_h365.csv,,0.9307269565757154,No
-0.06239008469041427,0.07388287088916144,0.9395163243660126,0.8128566464323528,1.085912168676204,0.39842030300702436,161736.0,40434.0,121302.0,1053.0,245.0,808.0,0.00605925706088935,0.006661060823399449,365.0,breslow,True,53.209811050106346,0.028713458970173616,0.006665182766978286,1.9048263837364594,T;age_at_t0;sex_num;frailty;util_last30,SUPP,CONG,cox_results_patched\cox_cohort_DX_SUPP_TO_CONG_d14_h365.csv,,0.452750344326164,No
-0.12364692994615524,0.08115589244479977,0.883691790917604,0.7537364716677497,1.0360533298956394,0.1276154015840544,161198.0,40300.0,120898.0,1064.0,237.0,827.0,0.005880893300248139,0.006840477096395309,365.0,breslow,True,54.86162359334483,0.03196689785233067,0.00586235561235251,2.509789203339992,T;age_at_t0;sex_num;frailty;util_last30,RESP,CONG,cox_results_patched\cox_cohort_DX_RESP_TO_CONG_d14_h365.csv,,0.15863793014592398,No
-0.13157841351313215,0.34521843770867755,0.8767105264900384,0.4456566121506466,1.7246941396184674,0.7030953739655645,132896.0,33224.0,99672.0,36.0,9.0,27.0,0.00027088851432699256,0.00027088851432699256,365.0,breslow,True,52.891328557669155,0.02843576932338069,0.0004590055381651818,2.725755477967734,T;age_at_t0;sex_num;frailty;util_last30,DIGE,PERI,cox_results_patched\cox_cohort_DX_DIGE_TO_PERI_d14_h365.csv,,0.74270638094954,No
-0.30182120147024366,0.5406954102089401,0.739470269267149,0.256254495445931,2.133879751761883,0.5767014773359271,68220.0,17055.0,51165.0,20.0,4.0,16.0,0.00023453532688361186,0.0003127137691781491,365.0,breslow,True,55.104382878921136,0.05304895924948695,0.00017590149516270889,2.417985927880387,T;age_at_t0;sex_num;frailty;util_last30,INJ,PERI,cox_results_patched\cox_cohort_DX_INJ_TO_PERI_d14_h365.csv,,0.6238357326951134,No
-0.6575346871894574,0.3873553409697719,0.5181271066503369,0.24250058518094533,1.1070311374528743,0.08960266076745368,161828.0,40457.0,121371.0,45.0,8.0,37.0,0.00019774081123167807,0.0003048504173155037,365.0,breslow,True,53.23861754455348,0.02655288330820377,0.0005932224336950342,2.0561151345873396,T;age_at_t0;sex_num;frailty;util_last30,SUPP,PERI,cox_results_patched\cox_cohort_DX_SUPP_TO_PERI_d14_h365.csv,,0.1133631989683367,No
-0.6728072789665609,0.4010974582826131,0.510274083513995,0.2324783219560429,1.1200168605625094,0.0934611701385995,161230.0,40308.0,120922.0,32.0,7.0,25.0,0.00017366279646720254,0.00020674484378359602,365.0,breslow,True,54.83402592569621,0.03332506357377659,0.0003101159833777833,2.1079327668548036,T;age_at_t0;sex_num;frailty;util_last30,RESP,PERI,cox_results_patched\cox_cohort_DX_RESP_TO_PERI_d14_h365.csv,,0.11747912447589322,No
-0.9082447844205186,0.5199631171942617,0.40323136123034614,0.14553007770367307,1.1172640958163529,0.08068097696154757,112456.0,28114.0,84342.0,26.0,4.0,22.0,0.00014227786867752722,0.0002608427592421332,365.0,breslow,True,54.325264992530414,0.03004730739133528,0.00010670840150814541,2.4247705769367576,T;age_at_t0;sex_num,GEN,PERI,cox_results_patched\cox_cohort_DX_GEN_TO_PERI_d14_h365.csv,,0.10314329441106933,No
,,,,,,,,,,,,,,,,,,,,,,PERI,INFE,,Only 49 treated observations after emulation (minimum required: 50).,,No
,,,,,,,,,,,,,,,,,,,,,,PERI,NEOP,,Only 48 treated observations after emulation (minimum required: 50).,,No
,,,,,,,,,,,,,,,,,,,,,,PERI,ENDO,,Only 46 treated observations after emulation (minimum required: 50).,,No
,,,,,,,,,,,,,,,,,,,,,,PERI,BLD,,Only 45 treated observations after emulation (minimum required: 50).,,No
,,,,,,,,,,,,,,,,,,,,,,PERI,MENT,,Only 47 treated observations after emulation (minimum required: 50).,,No
,,,,,,,,,,,,,,,,,,,,,,PERI,NERV,,Only 47 treated observations after emulation (minimum required: 50).,,No
,,,,,,,,,,,,,,,,,,,,,,PERI,CIRC,,Only 43 treated observations after emulation (minimum required: 50).,,No
,,,,,,,,,,,,,,,,,,,,,,PERI,RESP,,Only 45 treated observations after emulation (minimum required: 50).,,No
,,,,,,,,,,,,,,,,,,,,,,PERI,DIGE,,Only 40 treated observations after emulation (minimum required: 50).,,No
,,,,,,,,,,,,,,,,,,,,,,PERI,GEN,,Only 46 treated observations after emulation (minimum required: 50).,,No
,,,,,,,,,,,,,,,,,,,,,,PERI,SKIN,,Only 47 treated observations after emulation (minimum required: 50).,,No
,,,,,,,,,,,,,,,,,,,,,,PERI,MUSC,,Only 46 treated observations after emulation (minimum required: 50).,,No
,,,,,,,,,,,,,,,,,,,,,,PERI,CONG,,Only 49 treated observations after emulation (minimum required: 50).,,No
,,,,,,,,,,,,,,,,,,,,,,PERI,INJ,,Only 48 treated observations after emulation (minimum required: 50).,,No
,,,,,,,,,,,,,,,,,,,,,,PERI,SUPP,,Only 38 treated observations after emulation (minimum required: 50).,,No
